Storage System, Node, Time, Interval (s), I/O Group, Turbo Performance, Read Cache Hits - VCC (%), Read Cache Hits - VC (%), Read Cache Hits - overall (%), Back-end Read I/O Rate (ops/s), Back-end Write I/O Rate (ops/s), Total Back-end I/O Rate (ops/s), Back-end Read Data Rate (MiB/s), Back-end Write Data Rate (MiB/s), Total Back-end Data Rate (MiB/s), Back-end Read Response Time (ms/op), Back-end Write Response Time (ms/op), Overall Back-end Response Time (ms/op), Back-end Read Queue Time (ms/op), Back-end Write Queue Time (ms/op), Overall Back-end Queue Time (ms/op), Back-end Read Transfer Size (KiB/op), Back-end Write Transfer Size (KiB/op), Overall Back-end Transfer Size (KiB/op), Read I/O Rate - overall (ops/s), Write I/O Rate - overall (ops/s), Total I/O Rate - overall (ops/s), Write Cache Hits - VCC (%), Write Cache Hits - VC (%), Read Data Rate (MiB/s), Write Data Rate (MiB/s), Total Data Rate (MiB/s), Port Send Data Rate (MiB/s), Read Response Time (ms/op), Write Response Time (ms/op), Overall Response Time (ms/op), Read Transfer Size (KiB/op), Write Transfer Size (KiB/op), Overall Transfer Size (KiB/op), Port Send I/O Rate (ops/s), Port Receive I/O Rate (ops/s), Total Port I/O Rate (ops/s), Port Receive Data Rate (MiB/s), Total Port Data Rate (MiB/s), Write Cache Hits - overall (%), Total Cache Hits - VCC (%), Total Cache Hits - VC (%), Total Cache Hits - overall (%), Disk to Cache Transfer Rate - VCC (ops/s), Disk to Cache Transfer Rate - VC (ops/s), Disk-to-Cache Transfer Rate (ops/s), Cache to Disk Transfer Rate - VC (ops/s), Cache to Disk Transfer Rate - VCC (ops/s), System CPU Utilization (%), Port to Host Send I/O Rate (ops/s), Port to Host Receive I/O Rate (ops/s), Total Port to Host I/O Rate (ops/s), Port to Disk Send I/O Rate (ops/s), Port to Disk Receive I/O Rate (ops/s), Total Port to Disk I/O Rate (ops/s), Port to Local Node Send I/O Rate (ops/s), Port to Local Node Receive I/O Rate (ops/s), Total Port to Local Node I/O Rate (ops/s), Port to Remote Node Send I/O Rate (ops/s), Port to Remote Node Receive I/O Rate (ops/s), Total Port to Remote Node I/O Rate (ops/s), Port to Host Send Data Rate (MiB/s), Port to Host Receive Data Rate (MiB/s), Total Port to Host Data Rate (MiB/s), Port to Disk Send Data Rate (MiB/s), Port to Disk Receive Data Rate (MiB/s), Total Port to Disk Data Rate (MiB/s), Port to Local Node Send Data Rate (MiB/s), Port to Local Node Receive Data Rate (MiB/s), Total Port to Local Node Data Rate (MiB/s), Port to Remote Node Send Data Rate (MiB/s), Port to Remote Node Receive Data Rate (MiB/s), Total Port to Remote Node Data Rate (MiB/s), Port to Local Node Send Response Time (ms/op), Port to Local Node Receive Response Time (ms/op), Overall Port to Local Node Response Time (ms/op), Port to Local Node Send Queue Time (ms/op), Port to Local Node Receive Queue Time (ms/op), Overall Port to Local Node Queue Time (ms/op), Port to Remote Node Send Response Time (ms/op), Port to Remote Node Receive Response Time (ms/op), Overall Port to Remote Node Response Time (ms/op), Port to Remote Node Send Queue Time (ms/op), Port to Remote Node Receive Queue Time (ms/op), Overall Port to Remote Node Queue Time (ms/op), Global Mirror Write I/O Rate (ops/s), Global Mirror Overlapping Write Percentage (%), Global Mirror Overlapping Write I/O Rate (ops/s), Peak Read Response Time (ms), Peak Write Response Time (ms), Global Mirror Secondary Write Lag (ms/op), Overall Host Attributed Response Time Percentage (%), Peak Back-end Read Response Time (ms), Peak Back-end Write Response Time (ms), Peak Back-end Read Queue Time (ms), Peak Back-end Write Queue Time (ms), Link Failure Rate (cnt/s), Loss of Sync Rate (cnt/s), Loss of Signal Rate (cnt/s), CRC Error Rate (cnt/s), Primitive Sequence Protocol Error Rate (cnt/s), Invalid Transmission Word Rate (cnt/s), Zero Buffer Credit Timer (us), Cache-to-Disk Transfer Rate (ops/s), Write-cache Delay Percentage - VCC (%), Write-cache Delay Percentage - VC (%), Write-cache Delay Percentage (%), Write-cache Delay I/O Rate - VCC (ops/s), Write-cache Delay I/O Rate - VC (ops/s), Write-cache Delay I/O Rate (ops/s), Read-ahead Percentage of Cache Hits (%), Dirty Write Percentage of Cache Hits - VCC (%), Dirty Write Percentage of Cache Hits - VC (%), Dirty Write Percentage of Cache Hits (%), Write Cache Overflow Percentage (%), Write Cache Overflow I/O Rate (ops/s), Write Cache Flush-through Percentage - VCC (%), Write Cache Flush-through Percentage - VC (%), Write Cache Flush-through Percentage (%), Write Cache Flush-through I/O Rate - VCC (ops/s), Write Cache Flush-through I/O Rate - VC (ops/s), Write Cache Flush-through I/O Rate (ops/s), Write Cache Write-through Percentage - VCC (%), Write Cache Write-through Percentage - VC (%), Write Cache Write-through Percentage (%), Write Cache Write-through I/O Rate - VCC (ops/s), Write Cache Write-through I/O Rate - VC (ops/s), Write Cache Write-through I/O Rate (ops/s), Read I/O Rate - VC (ops/s), Read I/O Rate - VCC (ops/s), Write I/O Rate - VC (ops/s), Write I/O Rate - VCC (ops/s), Destage I/O Rate - VC (ops/s), Destage I/O Rate - VCC (ops/s), Stage I/O Rate - VC (ops/s), Stage I/O Rate - VCC (ops/s), Prestage I/O Rate - VCC (ops/s), Destage Response Time - VC (ms/op), Destage Response Time - VCC (ms/op), Stage Response Time - VC (ms/op), Stage Response Time - VCC (ms/op), Prestage Response Time - VCC (ms/op), Cache to Host Transfer Response Time (ms/op), Compression CPU Utilization (%), System CPU Utilization Core 1 (%), System CPU Utilization Core 2 (%), System CPU Utilization Core 3 (%), System CPU Utilization Core 4 (%), Compression CPU Utilization Core 1 (%), Compression CPU Utilization Core 2 (%), Compression CPU Utilization Core 3 (%), Compression CPU Utilization Core 4 (%), Total I/O Rate - VC (ops/s), Total I/O Rate - VCC (ops/s), Invalid Link Transmission Rate (cnt/s), System CPU Utilization Core 5 (%), System CPU Utilization Core 6 (%), System CPU Utilization Core 7 (%), System CPU Utilization Core 8 (%), Compression CPU Utilization Core 5 (%), Compression CPU Utilization Core 6 (%), Compression CPU Utilization Core 7 (%), Compression CPU Utilization Core 8 (%), Node Utilization Percentage (%), Zero Buffer Credit Percentage (%) 
SVC-2145-CS2SVC1-IBM, CS2SVC1N1, 5/2/18 12:14 PM, 900, io_grp0, , 61.81, 0.01, 61.82, 10035.05, 2023.82, 12058.87, 171.16, 68.01, 239.17, 1.123, 0.293, 0.984, 0.333, 0.019, 0.281, 17.466, 34.414, 20.31, 9842.23, 3378.32, 13220.55, 99.99, 99.99, 267.71, 67.0, 334.71, 439.61, 0.96, 1.6, 1.13, 27.853, 20.309, 25.925, 61772.97, 70026.59, 131799.56, 385.21, 824.82, 99.99, 70.12, 20.04, 76.11, 340642.4, 548013.88, 888656.28, 137284.64, 129392.45, 28.23, 0.0, 13543.39, 13543.39, 12059.29, 0.0, 12059.29, 47219.92, 53269.37, 100489.29, 2493.76, 3213.82, 5707.59, 267.49, 65.88, 333.36, 68.03, 171.16, 239.19, 71.73, 147.93, 219.66, 32.36, 0.24, 32.6, 0.12, 0.0, 0.06, 0.1, 0.03, 0.06, 0.75, 0.0, 0.37, 0.02, 0.05, 0.03, 1341.28, 0.0, 0.0, 925.52, 1191.37, 2.33, 0.01, 510.142, 379.091, 8.407, 5.713, 0.0, 0.0, 0.0, 0.0, 0.0, 0.0, 4.557914E7, 266677.1, 0.0, 0.0, 0.0, 0.02, 0.01, 0.03, 28.5, 16.06, 0.0, , , , 0.0, 0.0, , 0.02, 0.01, , 0.0, 0.0, , 0.0, 0.0, , 9870.61, 17439.43, 4289.48, 5798.77, 2313.44, 1211.28, 7601.88, 6328.21, 446.94, 1.4, 0.31, 0.53, 0.93, 2.05, 0.31, 0.0, 32.0, 40.0, 24.0, 23.0, 0.0, 0.0, 0.0, 0.0, 14160.09, 23238.2, 0.0, 38.0, 23.0, 29.0, 18.0, 0.0, 0.0, 0.0, 0.0, 7.1, 0.42 
SVC-2145-CS2SVC1-IBM, CS2SVC1N2, 5/2/18 12:14 PM, 900, io_grp0, , 55.24, 0.03, 55.25, 10050.48, 3628.3, 13678.78, 197.94, 159.51, 357.45, 0.894, 0.339, 0.747, 0.04, 0.023, 0.035, 20.167, 45.019, 26.759, 8544.83, 10748.58, 19293.41, 100.0, 100.0, 239.97, 143.82, 383.78, 582.7, 0.83, 2.5, 1.76, 28.757, 13.701, 20.369, 74371.02, 73141.87, 147512.89, 411.16, 993.86, 100.0, 73.05, 37.48, 83.15, 395481.48, 491443.27, 886924.76, 294485.07, 316745.0, 34.2, 0.0, 19481.58, 19481.58, 13678.88, 0.0, 13678.88, 52288.37, 46310.55, 98598.92, 8403.77, 7349.74, 15753.51, 239.93, 143.58, 383.51, 159.49, 197.94, 357.43, 147.4, 69.28, 216.68, 35.89, 0.35, 36.24, 0.11, 0.0, 0.05, 0.05, 0.05, 0.05, 1.06, 0.0, 0.5, 0.01, 0.03, 0.02, 1026.71, 0.0, 0.0, 1026.73, 1213.24, 2.6, 0.0, 511.797, 310.497, 8.101, 6.82, 0.0, 0.0, 0.0, 0.0, 0.0, 0.0, 2789310.0, 611230.07, 0.0, 0.0, 0.0, 0.0, 0.0, 0.0, 43.98, 7.84, 0.0, , , , 0.0, 0.0, , 0.0, 0.0, , 0.0, 0.0, , 0.0, 0.0, , 8575.96, 16065.99, 11223.21, 10943.29, 4841.35, 2722.9, 6136.73, 5477.36, 419.7, 0.77, 0.36, 0.93, 1.55, 2.46, 0.16, 0.0, 39.0, 36.0, 34.0, 55.0, 0.0, 0.0, 0.0, 0.0, 19799.17, 27009.28, 0.0, 41.0, 29.0, 23.0, 17.0, 0.0, 0.0, 0.0, 0.0, 8.82, 0.03 
SVC-2145-CS2SVC1-IBM, CS2SVC1N3, 5/2/18 12:14 PM, 900, io_grp1, , 28.22, 0.04, 28.26, 21131.42, 2480.91, 23612.33, 500.61, 110.71, 611.32, 1.76, 0.375, 1.614, 0.065, 0.026, 0.061, 24.259, 45.698, 26.511, 12554.92, 6941.23, 19496.14, 99.99, 99.93, 446.74, 123.8, 570.54, 758.4, 1.56, 0.91, 1.33, 36.437, 18.264, 29.967, 82436.15, 83880.6, 166316.75, 757.97, 1516.37, 99.99, 42.59, 19.98, 54.06, 1015335.63, 1015507.5, 2030843.13, 253347.42, 216836.87, 40.56, 0.0, 19762.99, 19762.99, 23612.1, 0.0, 23612.1, 50120.87, 54105.14, 104226.01, 8703.18, 10012.47, 18715.65, 446.71, 123.41, 570.11, 110.71, 500.59, 611.3, 129.92, 133.27, 263.19, 71.06, 0.7, 71.76, 0.13, 0.0, 0.06, 0.01, 0.03, 0.02, 0.51, 0.0, 0.24, 0.01, 0.04, 0.02, 2803.81, 0.11, 3.3, 576.5, 945.95, 5.49, 0.01, 576.364, 189.631, 6.658, 7.891, 0.0, 0.0, 0.0, 0.0, 0.0, 0.0, 2.773219E7, 470184.29, 0.0, 0.01, 0.0, 0.68, 166.91, 167.58, 61.78, 14.18, 0.0, , , , 0.0, 0.06, , 0.68, 166.91, , 0.0, 0.0, , 0.0, 0.0, , 14382.04, 26929.02, 7189.3, 9461.08, 4713.25, 1608.14, 9539.98, 11101.51, 1115.79, 0.44, 0.41, 1.18, 1.97, 1.02, 0.23, 0.0, 51.0, 55.0, 37.0, 39.0, 0.0, 0.0, 0.0, 0.0, 21571.34, 36390.1, 0.0, 39.0, 36.0, 38.0, 29.0, 0.0, 0.0, 0.0, 0.0, 12.38, 0.26 
SVC-2145-CS2SVC1-IBM, CS2SVC1N4, 5/2/18 12:14 PM, 900, io_grp1, , 68.31, 0.01, 68.31, 14604.24, 2818.97, 17423.21, 337.22, 112.1, 449.32, 2.148, 0.393, 1.864, 0.244, 0.024, 0.208, 23.645, 40.72, 26.408, 9749.71, 6076.78, 15826.49, 99.99, 99.95, 745.31, 130.44, 875.75, 1067.3, 2.45, 1.03, 1.9, 78.279, 21.981, 56.663, 76210.65, 72142.65, 148353.29, 595.28, 1662.58, 99.99, 72.74, 14.12, 76.6, 680723.71, 1624651.75, 2305375.47, 267244.72, 219698.92, 37.24, 0.0, 16113.04, 16113.04, 17425.7, 0.0, 17425.7, 51946.4, 47846.06, 99792.45, 6838.55, 8183.55, 15022.1, 745.55, 130.39, 875.94, 112.16, 337.23, 449.39, 130.55, 126.95, 257.5, 79.05, 0.71, 79.76, 0.12, 0.0, 0.06, 0.02, 0.04, 0.03, 0.57, 0.0, 0.27, 0.01, 0.04, 0.03, 2690.91, 0.0, 0.12, 531.63, 717.37, 5.9, 0.02, 529.776, 176.89, 47.973, 48.388, 0.0, 0.0, 0.0, 0.0, 0.0, 0.0, 913990.0, 486943.63, 0.0, 0.0, 0.0, 0.61, 113.74, 114.36, 8.86, 18.66, 0.0, , , , 0.0, 0.04, , 0.61, 113.74, , 0.0, 0.0, , 0.0, 0.0, , 11524.83, 34352.41, 6703.25, 8810.99, 5227.53, 1944.86, 9936.19, 8617.59, 437.86, 0.53, 0.48, 1.05, 2.13, 1.52, 0.79, 0.0, 39.0, 58.0, 36.0, 36.0, 0.0, 0.0, 0.0, 0.0, 18228.07, 43163.4, 0.0, 37.0, 37.0, 24.0, 30.0, 0.0, 0.0, 0.0, 0.0, 13.69, 0.01 
SVC-2145-CS2SVC1-IBM, CS2SVC1N5, 5/2/18 12:14 PM, 900, io_grp2, , 37.01, 0.06, 37.05, 6412.5, 1849.74, 8262.24, 197.5, 57.13, 254.63, 2.206, 0.268, 1.772, 0.339, 0.016, 0.267, 31.539, 31.627, 31.559, 3660.04, 2863.59, 6523.63, 99.99, 99.99, 144.88, 53.54, 198.41, 273.58, 2.18, 0.75, 1.55, 40.534, 19.144, 31.145, 52978.73, 56840.71, 109819.44, 411.37, 684.95, 99.99, 54.53, 26.91, 66.77, 394647.07, 298368.24, 693015.31, 109677.13, 107103.89, 22.4, 0.0, 6738.33, 6738.33, 8265.35, 0.0, 8265.35, 40602.55, 45317.35, 85919.9, 4110.83, 4785.04, 8895.86, 145.28, 52.99, 198.27, 57.14, 197.6, 254.74, 56.21, 160.15, 216.36, 14.95, 0.62, 15.57, 0.12, 0.0, 0.06, 0.01, 0.06, 0.03, 0.52, 0.0, 0.26, 0.01, 0.03, 0.02, 1178.82, 0.01, 0.14, 583.5, 138.43, 3.14, 0.01, 780.851, 468.301, 98.452, 137.455, 0.0, 0.0, 0.0, 0.0, 0.0, 0.0, 5692500.0, 216781.02, 0.0, 0.0, 0.0, 8.56, 9.67, 18.23, 77.66, 10.03, 0.0, , , , 0.0, 0.0, , 8.56, 9.67, , 0.0, 0.0, , 0.0, 0.0, , 3784.56, 8111.15, 3246.15, 4837.76, 2353.26, 1245.59, 2143.34, 1937.6, 436.53, 0.54, 0.3, 1.43, 2.32, 1.12, 0.28, 0.0, 36.0, 29.0, 21.0, 21.0, 0.0, 0.0, 0.0, 0.0, 7030.71, 12948.9, 0.0, 19.0, 19.0, 21.0, 13.0, 0.0, 0.0, 0.0, 0.0, 5.81, 0.05 
SVC-2145-CS2SVC1-IBM, CS2SVC1N6, 5/2/18 12:14 PM, 900, io_grp2, , 37.21, 0.02, 37.23, 18873.09, 4491.84, 23364.93, 373.83, 151.9, 525.73, 1.431, 0.329, 1.219, 0.38, 0.028, 0.312, 20.283, 34.629, 23.041, 15046.43, 6450.22, 21496.65, 99.99, 99.88, 289.61, 149.71, 439.33, 620.07, 1.69, 1.3, 1.58, 19.71, 23.767, 20.927, 76576.82, 70774.86, 147351.68, 577.44, 1197.51, 99.99, 58.2, 34.01, 72.41, 755685.91, 594086.34, 1349772.25, 306605.57, 301251.17, 34.85, 0.0, 21716.83, 21716.83, 23367.33, 0.0, 23367.33, 48133.6, 43045.03, 91178.63, 5075.89, 6013.0, 11088.89, 289.63, 149.34, 438.97, 151.94, 373.83, 525.77, 157.6, 53.49, 211.09, 20.9, 0.77, 21.67, 0.14, 0.0, 0.07, 0.03, 0.05, 0.04, 0.51, 0.0, 0.25, 0.02, 0.06, 0.04, 1918.9, 0.0, 0.02, 517.12, 354.2, 3.05, 0.01, 516.976, 200.993, 25.58, 3.617, 0.0, 0.0, 0.0, 0.0, 0.0, 0.0, 2.393422E7, 607856.74, 0.0, 0.03, 0.01, 9.75, 359.87, 369.62, 69.31, 5.91, 0.0, , , , 0.0, 0.11, , 9.75, 359.87, , 0.0, 0.0, , 0.0, 0.0, , 15162.47, 24048.48, 6827.78, 10804.26, 5274.81, 3131.68, 15161.16, 13592.72, 2883.9, 0.71, 0.4, 2.53, 2.9, 1.98, 0.5, 0.0, 45.0, 49.0, 43.0, 39.0, 0.0, 0.0, 0.0, 0.0, 21990.25, 34852.73, 0.0, 33.0, 31.0, 18.0, 21.0, 0.0, 0.0, 0.0, 0.0, 10.99, 0.22 
SVC-2145-CS2SVC1-IBM, CS2SVC1N7, 5/2/18 12:14 PM, 900, io_grp3, , 40.23, 0.0, 40.23, 14351.76, 2082.49, 16434.25, 449.18, 94.53, 543.71, 1.261, 0.331, 1.143, 0.044, 0.021, 0.041, 32.049, 46.483, 33.878, 7810.04, 4338.75, 12148.78, 99.99, 99.99, 447.19, 100.37, 547.56, 660.31, 1.55, 2.35, 1.84, 58.632, 23.689, 46.153, 75197.54, 76452.72, 151650.26, 663.19, 1323.51, 99.99, 52.07, 18.32, 60.85, 909833.46, 916388.07, 1826221.53, 208884.69, 183528.54, 32.04, 0.0, 12278.84, 12278.84, 16433.62, 0.0, 16433.62, 52709.41, 56578.2, 109287.6, 6054.52, 7595.68, 13650.2, 447.3, 100.38, 547.68, 94.53, 449.18, 543.71, 108.26, 113.08, 221.34, 10.22, 0.56, 10.78, 0.13, 0.0, 0.07, 0.16, 0.08, 0.12, 0.46, 0.0, 0.21, 0.01, 0.04, 0.03, 1264.27, 0.0, 0.0, 827.06, 75.02, 2.58, 0.0, 822.067, 27.19, 33.707, 20.781, 0.0, 0.0, 0.0, 0.0, 0.0, 0.0, 5039310.0, 392413.22, 0.0, 0.0, 0.0, 0.13, 0.13, 0.27, 58.81, 20.08, 0.0, , , , 0.0, 0.0, , 0.13, 0.13, , 0.0, 0.0, , 0.0, 0.0, , 7864.1, 21075.94, 4358.92, 7815.16, 2544.21, 1397.24, 6723.45, 8627.16, 1724.7, 2.29, 0.37, 1.31, 1.55, 0.98, 0.24, 0.0, 41.0, 42.0, 27.0, 29.0, 0.0, 0.0, 0.0, 0.0, 12223.02, 28891.1, 0.0, 34.0, 30.0, 31.0, 22.0, 0.0, 0.0, 0.0, 0.0, 10.95, 0.05 
SVC-2145-CS2SVC1-IBM, CS2SVC1N8, 5/2/18 12:14 PM, 900, io_grp3, , 70.7, 0.0, 70.71, 17689.09, 2030.14, 19719.23, 576.19, 105.77, 681.97, 1.106, 0.404, 1.034, 0.04, 0.023, 0.038, 33.355, 53.353, 35.414, 11136.34, 5460.63, 16596.97, 100.0, 100.0, 1158.93, 109.51, 1268.43, 1393.47, 1.22, 0.81, 1.08, 106.565, 20.535, 78.26, 74388.52, 68699.76, 143088.28, 793.82, 2187.29, 100.0, 73.55, 8.63, 75.84, 1170209.11, 2373728.43, 3543937.53, 220951.75, 206743.43, 37.03, 0.0, 16743.85, 16743.85, 19721.34, 0.0, 19721.34, 48278.41, 44827.8, 93106.2, 6388.78, 7128.11, 13516.89, 1158.91, 109.46, 1268.37, 105.79, 576.26, 682.05, 110.09, 107.61, 217.7, 18.68, 0.49, 19.16, 0.17, 0.0, 0.08, 0.02, 0.04, 0.03, 0.47, 0.0, 0.22, 0.01, 0.46, 0.25, 2300.48, 0.0, 0.0, 684.25, 1588.17, 4.9, 0.02, 683.465, 50.825, 0.711, 3.944, 0.0, 0.0, 0.0, 0.0, 0.0, 0.0, 5216810.0, 427695.18, 0.0, 0.0, 0.0, 0.0, 0.0, 0.0, 17.91, 19.46, 0.0, , , , 0.0, 0.0, , 0.0, 0.0, , 0.0, 0.0, , 0.0, 0.0, , 11190.99, 43817.16, 5550.13, 9392.68, 3285.01, 1306.28, 10051.65, 13912.15, 3053.53, 0.76, 0.57, 1.05, 1.21, 1.05, 0.51, 0.0, 36.0, 35.0, 43.0, 47.0, 0.0, 0.0, 0.0, 0.0, 16741.12, 53209.84, 0.0, 44.0, 27.0, 25.0, 39.0, 0.0, 0.0, 0.0, 0.0, 18.76, 0.05 
SVC-2145-CS2SVC1-IBM, CS2SVC1N1, 5/2/18 12:29 PM, 900, io_grp0, , 55.91, 0.01, 55.92, 11438.11, 2064.5, 13502.61, 211.81, 67.9, 279.7, 1.194, 0.29, 1.055, 0.399, 0.018, 0.341, 18.962, 33.677, 21.212, 9809.63, 3452.24, 13261.86, 99.99, 99.99, 299.11, 66.57, 365.69, 464.46, 1.06, 1.94, 1.29, 31.224, 19.747, 28.236, 57049.97, 62922.36, 119972.33, 409.26, 873.72, 99.99, 64.65, 18.2, 71.09, 423595.05, 612746.4, 1036341.45, 136259.28, 128856.11, 27.19, 0.0, 13569.5, 13569.5, 13502.53, 0.0, 13502.53, 41060.52, 46286.09, 87346.61, 2486.92, 3066.77, 5553.68, 299.11, 65.27, 364.38, 67.88, 211.81, 279.69, 71.3, 131.83, 203.14, 26.17, 0.35, 26.51, 0.12, 0.0, 0.06, 0.08, 0.03, 0.06, 0.72, 0.0, 0.35, 0.02, 0.03, 0.02, 1127.15, 0.0, 0.0, 964.85, 1191.99, 2.55, 0.01, 513.675, 87.019, 59.331, 51.179, 0.0, 0.0, 0.0, 0.0, 0.0, 0.0, 3.939084E7, 265115.39, 0.0, 0.0, 0.0, 0.03, 0.01, 0.04, 27.78, 16.26, 0.0, , , , 0.0, 0.0, , 0.03, 0.01, , 0.0, 0.0, , 0.0, 0.0, , 9840.2, 18318.43, 4175.94, 5862.14, 2966.81, 1400.79, 6787.25, 5391.48, 433.79, 1.69, 0.34, 0.57, 1.13, 2.61, 0.25, 0.0, 30.0, 39.0, 24.0, 23.0, 0.0, 0.0, 0.0, 0.0, 14016.13, 24180.57, 0.0, 35.0, 24.0, 28.0, 14.0, 0.0, 0.0, 0.0, 0.0, 7.73, 0.36 
SVC-2145-CS2SVC1-IBM, CS2SVC1N2, 5/2/18 12:29 PM, 900, io_grp0, , 45.29, 0.03, 45.32, 11393.9, 3195.57, 14589.47, 217.33, 115.69, 333.02, 1.223, 0.323, 1.025, 0.127, 0.022, 0.104, 19.532, 37.073, 23.374, 8748.13, 6934.5, 15682.63, 99.99, 99.99, 264.76, 128.76, 393.52, 524.54, 0.95, 2.38, 1.58, 30.991, 19.014, 25.695, 62845.68, 59153.42, 121999.1, 414.99, 939.53, 99.99, 63.13, 32.73, 75.2, 434897.72, 542294.64, 977192.37, 263736.45, 226716.53, 28.87, 0.0, 15869.23, 15869.23, 14589.32, 0.0, 14589.32, 45227.98, 40025.16, 85253.14, 3028.38, 3259.03, 6287.41, 264.77, 128.64, 393.42, 115.68, 217.34, 333.02, 131.28, 68.68, 199.96, 12.81, 0.33, 13.14, 0.11, 0.0, 0.05, 0.07, 0.05, 0.06, 0.77, 0.0, 0.37, 0.01, 0.03, 0.02, 891.92, 0.0, 0.0, 1114.95, 1186.92, 1.92, 0.0, 482.065, 58.894, 78.334, 54.616, 0.0, 0.0, 0.0, 0.0, 0.0, 0.0, 650740.0, 490452.98, 0.0, 0.0, 0.0, 0.02, 0.01, 0.03, 24.63, 18.3, 0.0, , , , 0.0, 0.0, , 0.02, 0.01, , 0.0, 0.0, , 0.0, 0.0, , 8780.92, 17085.77, 7259.2, 9801.04, 4488.82, 2085.86, 5717.02, 6308.02, 598.14, 0.61, 0.4, 0.74, 0.89, 1.8, 0.2, 0.0, 33.0, 32.0, 30.0, 43.0, 0.0, 0.0, 0.0, 0.0, 16040.12, 26886.81, 0.0, 32.0, 25.0, 23.0, 14.0, 0.0, 0.0, 0.0, 0.0, 8.48, 0.01 
SVC-2145-CS2SVC1-IBM, CS2SVC1N3, 5/2/18 12:29 PM, 900, io_grp1, , 29.34, 0.01, 29.34, 20025.75, 2318.03, 22343.78, 480.12, 107.99, 588.11, 1.469, 0.363, 1.354, 0.11, 0.025, 0.101, 24.55, 47.707, 26.953, 11619.06, 6062.77, 17681.83, 99.99, 99.92, 408.33, 122.3, 530.63, 705.46, 1.33, 0.85, 1.16, 35.987, 20.656, 30.73, 79637.68, 79580.59, 159218.27, 728.46, 1433.92, 99.99, 44.31, 21.08, 56.05, 973074.57, 936918.16, 1909992.74, 250528.74, 211011.13, 38.3, 0.0, 17958.78, 17958.78, 22343.58, 0.0, 22343.58, 49249.22, 52465.56, 101714.78, 8044.88, 9156.24, 17201.13, 408.36, 122.01, 530.37, 108.03, 480.12, 588.15, 126.18, 125.74, 251.91, 62.89, 0.59, 63.48, 0.12, 0.0, 0.06, 0.01, 0.03, 0.02, 0.49, 0.0, 0.24, 0.01, 0.04, 0.02, 1942.19, 0.1, 2.02, 543.72, 768.95, 6.59, 0.01, 543.559, 50.667, 221.659, 193.412, 0.0, 0.0, 0.0, 0.0, 0.0, 0.0, 2.803412E7, 461539.88, 0.0, 0.01, 0.0, 0.04, 195.0, 195.03, 72.54, 16.7, 0.0, , , , 0.0, 0.07, , 0.04, 195.0, , 0.0, 0.0, , 0.0, 0.0, , 13365.72, 24930.48, 6199.16, 8776.25, 4687.87, 1725.42, 10251.53, 11986.84, 1014.75, 0.43, 0.42, 1.18, 1.86, 1.12, 0.25, 0.0, 48.0, 53.0, 35.0, 38.0, 0.0, 0.0, 0.0, 0.0, 19564.88, 33706.73, 0.0, 35.0, 33.0, 35.0, 29.0, 0.0, 0.0, 0.0, 0.0, 11.71, 0.26 
SVC-2145-CS2SVC1-IBM, CS2SVC1N4, 5/2/18 12:29 PM, 900, io_grp1, , 75.84, 0.01, 75.84, 13009.02, 2813.0, 15822.03, 284.66, 104.03, 388.68, 1.663, 0.399, 1.438, 0.074, 0.022, 0.065, 22.407, 37.868, 25.155, 10305.42, 5297.52, 15602.94, 99.99, 99.95, 870.06, 123.01, 993.07, 1171.65, 2.12, 1.01, 1.74, 86.453, 23.778, 65.174, 73288.88, 71173.86, 144462.74, 531.14, 1702.79, 99.99, 78.68, 11.81, 81.2, 572784.02, 1880234.5, 2453018.52, 251925.24, 202836.8, 36.68, 0.0, 15893.36, 15893.36, 15819.53, 0.0, 15819.53, 50843.15, 47440.62, 98283.77, 6626.2, 7839.88, 14466.08, 869.87, 122.8, 992.66, 103.97, 284.64, 388.62, 122.84, 123.06, 245.89, 74.97, 0.64, 75.61, 0.11, 0.0, 0.06, 0.01, 0.04, 0.03, 0.58, 0.0, 0.27, 0.01, 0.03, 0.02, 2114.58, 0.0, 0.15, 519.02, 410.07, 6.99, 0.02, 518.73, 135.912, 39.433, 34.405, 0.0, 0.0, 0.0, 0.0, 0.0, 0.0, 505330.0, 454762.05, 0.0, 0.0, 0.0, 1.16, 124.43, 125.6, 3.89, 19.35, 0.0, , , , 0.0, 0.04, , 1.16, 124.43, , 0.0, 0.0, , 0.0, 0.0, , 12017.63, 38703.51, 5887.37, 8055.78, 4154.05, 1839.09, 10586.28, 10437.05, 648.11, 0.52, 0.47, 1.5, 2.65, 4.45, 1.04, 0.0, 38.0, 55.0, 36.0, 36.0, 0.0, 0.0, 0.0, 0.0, 17905.0, 46759.29, 0.0, 34.0, 36.0, 25.0, 33.0, 0.0, 0.0, 0.0, 0.0, 14.12, 0.0 
SVC-2145-CS2SVC1-IBM, CS2SVC1N5, 5/2/18 12:29 PM, 900, io_grp2, , 28.47, 0.01, 28.48, 25816.07, 1918.26, 27734.33, 951.75, 65.99, 1017.74, 1.051, 0.398, 1.006, 0.173, 0.032, 0.164, 37.751, 35.227, 37.577, 8488.58, 3304.03, 11792.6, 99.99, 99.99, 597.37, 65.37, 662.75, 746.69, 3.07, 1.05, 2.5, 72.063, 20.261, 57.549, 74367.62, 63082.4, 137450.01, 1169.08, 1915.77, 99.99, 35.87, 9.87, 42.2, 1938917.53, 1224289.6, 3163207.13, 133937.27, 125005.65, 31.82, 0.0, 12001.26, 12001.26, 27734.87, 0.0, 27734.87, 42300.5, 46267.38, 88567.88, 4332.24, 4813.76, 9146.0, 597.36, 64.99, 662.35, 66.04, 951.69, 1017.73, 69.66, 151.8, 221.46, 13.63, 0.6, 14.23, 0.12, 0.0, 0.06, 0.01, 0.06, 0.03, 0.59, 0.0, 0.29, 0.01, 0.06, 0.04, 1160.36, 0.0, 0.01, 492.14, 238.13, 2.63, 0.02, 508.73, 72.794, 57.339, 15.384, 0.0, 0.0, 0.0, 0.0, 0.0, 0.0, 5754810.0, 258942.92, 0.0, 0.0, 0.0, 0.0, 0.0, 0.0, 84.67, 16.24, 0.0, , , , 0.0, 0.0, , 0.0, 0.0, , 0.0, 0.0, , 0.0, 0.0, , 8595.48, 23022.77, 3574.32, 5581.8, 2344.15, 1160.95, 3626.79, 5674.89, 1389.38, 2.62, 0.34, 2.89, 3.4, 1.99, 0.33, 0.0, 43.0, 34.0, 47.0, 51.0, 0.0, 0.0, 0.0, 0.0, 12169.79, 28604.58, 0.0, 21.0, 21.0, 22.0, 16.0, 0.0, 0.0, 0.0, 0.0, 18.32, 0.05 
SVC-2145-CS2SVC1-IBM, CS2SVC1N6, 5/2/18 12:29 PM, 900, io_grp2, , 28.97, 0.03, 28.99, 20370.33, 4495.34, 24865.67, 411.96, 144.64, 556.6, 2.011, 0.315, 1.704, 1.746, 0.032, 1.436, 20.709, 32.948, 22.922, 15452.85, 6682.06, 22134.91, 100.0, 99.82, 302.03, 142.8, 444.84, 608.74, 2.17, 1.36, 1.93, 20.015, 21.884, 20.579, 76899.15, 70783.62, 147682.76, 621.6, 1230.34, 100.0, 51.36, 32.03, 66.94, 833472.06, 619309.93, 1452781.99, 292457.98, 285976.77, 35.34, 0.0, 22343.09, 22343.09, 24862.88, 0.0, 24862.88, 47618.57, 43563.53, 91182.1, 4417.7, 4877.0, 9294.69, 302.0, 142.32, 444.32, 144.61, 411.93, 556.54, 149.0, 66.69, 215.69, 13.13, 0.66, 13.79, 0.17, 0.0, 0.08, 0.03, 0.05, 0.04, 0.52, 0.0, 0.25, 0.02, 0.04, 0.03, 1737.16, 0.0, 0.01, 509.01, 589.76, 2.87, 0.0, 508.836, 228.396, 179.926, 123.758, 0.0, 0.0, 0.0, 0.0, 0.0, 0.0, 1.742687E7, 578434.75, 0.0, 0.05, 0.02, 0.0, 512.82, 512.82, 61.08, 6.55, 0.0, , , , 0.0, 0.17, , 0.0, 512.82, , 0.0, 0.0, , 0.0, 0.0, , 15555.08, 24611.54, 6819.24, 10875.17, 4622.94, 2992.14, 12162.35, 11402.14, 2263.06, 0.66, 0.38, 1.48, 1.63, 1.34, 0.41, 0.0, 46.0, 48.0, 43.0, 40.0, 0.0, 0.0, 0.0, 0.0, 22374.33, 35486.7, 0.0, 34.0, 32.0, 17.0, 22.0, 0.0, 0.0, 0.0, 0.0, 11.35, 0.16 
SVC-2145-CS2SVC1-IBM, CS2SVC1N7, 5/2/18 12:29 PM, 900, io_grp3, , 66.0, 0.0, 66.0, 10473.87, 2113.66, 12587.53, 322.21, 102.79, 425.0, 2.029, 0.347, 1.747, 0.069, 0.027, 0.062, 31.501, 49.799, 34.574, 7456.03, 7353.96, 14809.99, 99.99, 99.99, 586.97, 101.84, 688.82, 821.29, 1.8, 1.83, 1.82, 80.614, 14.181, 47.626, 72871.96, 81551.28, 154423.24, 521.04, 1342.33, 99.99, 71.81, 14.76, 75.97, 649527.87, 1203751.57, 1853279.44, 209108.7, 200121.71, 34.99, 0.0, 14924.87, 14924.87, 12589.33, 0.0, 12589.33, 52913.09, 57431.2, 110344.29, 7369.54, 9195.21, 16564.75, 587.66, 101.8, 689.46, 102.79, 322.25, 425.05, 110.62, 96.15, 206.77, 20.22, 0.84, 21.06, 0.13, 0.0, 0.07, 0.12, 0.08, 0.1, 0.46, 0.0, 0.21, 0.01, 0.03, 0.02, 3847.65, 0.0, 0.0, 597.04, 65.8, 1.05, 0.0, 596.856, 622.772, 22.318, 13.302, 0.0, 0.0, 0.0, 0.0, 0.0, 0.0, 425460.0, 409230.42, 0.0, 0.0, 0.0, 0.6, 0.53, 1.14, 23.25, 20.62, 0.0, , , , 0.0, 0.0, , 0.6, 0.53, , 0.0, 0.0, , 0.0, 0.0, , 7488.21, 24655.07, 7434.4, 11700.62, 2864.88, 1199.01, 5199.39, 7071.76, 1157.54, 2.18, 0.39, 1.37, 1.52, 0.98, 0.2, 0.0, 41.0, 51.0, 41.0, 39.0, 0.0, 0.0, 0.0, 0.0, 14922.61, 36355.69, 0.0, 34.0, 26.0, 29.0, 19.0, 0.0, 0.0, 0.0, 0.0, 11.17, 0.0 
SVC-2145-CS2SVC1-IBM, CS2SVC1N8, 5/2/18 12:29 PM, 900, io_grp3, , 72.89, 0.0, 72.89, 14375.51, 1708.84, 16084.35, 475.49, 77.28, 552.78, 2.233, 0.367, 2.034, 0.916, 0.025, 0.821, 33.871, 46.312, 35.192, 8192.28, 5409.93, 13602.21, 99.99, 99.99, 1075.43, 91.16, 1166.58, 1257.34, 2.51, 0.8, 1.83, 134.424, 17.254, 87.823, 71502.76, 65684.8, 137187.57, 676.98, 1934.33, 99.99, 75.21, 7.81, 77.15, 963751.53, 2202799.71, 3166551.24, 186034.68, 148074.54, 33.0, 0.0, 13743.86, 13743.86, 16084.82, 0.0, 16084.82, 50796.21, 46529.7, 97325.92, 4621.72, 5411.25, 10032.97, 1075.47, 91.08, 1166.55, 77.28, 475.53, 552.81, 93.1, 110.03, 203.14, 11.49, 0.34, 11.84, 0.17, 0.0, 0.08, 0.02, 0.04, 0.03, 0.46, 0.0, 0.21, 0.01, 0.02, 0.01, 1215.86, 0.0, 0.0, 1134.11, 1164.01, 3.88, 0.01, 582.417, 27.545, 19.153, 3.095, 0.0, 0.0, 0.0, 0.0, 0.0, 0.0, 1029040.0, 334109.22, 0.0, 0.0, 0.0, 1.26, 1.26, 2.52, 17.28, 27.59, 0.0, , , , 0.0, 0.0, , 1.26, 1.26, , 0.0, 0.0, , 0.0, 0.0, , 8233.78, 39223.22, 5493.55, 8147.14, 3337.18, 1263.64, 7583.59, 9161.3, 1791.78, 0.58, 0.46, 1.01, 1.39, 0.98, 0.29, 0.0, 32.0, 30.0, 32.0, 44.0, 0.0, 0.0, 0.0, 0.0, 13727.33, 47370.36, 0.0, 41.0, 27.0, 22.0, 37.0, 0.0, 0.0, 0.0, 0.0, 16.56, 0.01 
SVC-2145-CS2SVC1-IBM, CS2SVC1N1, 5/2/18 12:44 PM, 900, io_grp0, , 55.61, 0.01, 55.62, 11356.0, 1913.23, 13269.23, 198.78, 54.71, 253.49, 0.914, 0.272, 0.821, 0.234, 0.018, 0.203, 17.924, 29.28, 19.562, 9550.53, 3636.9, 13187.42, 99.99, 99.99, 273.97, 55.44, 329.41, 399.86, 0.87, 1.79, 1.12, 29.375, 15.608, 25.578, 64562.78, 70684.84, 135247.62, 411.58, 811.44, 99.99, 63.93, 16.83, 70.0, 397198.36, 561383.94, 958582.3, 113573.62, 102159.01, 28.49, 0.0, 13532.47, 13532.47, 13270.37, 0.0, 13270.37, 48953.45, 54641.6, 103595.05, 2338.96, 2510.77, 4849.73, 274.05, 54.61, 328.66, 54.72, 198.78, 253.5, 60.73, 158.05, 218.78, 10.36, 0.14, 10.5, 0.1, 0.0, 0.05, 0.07, 0.02, 0.05, 0.67, 0.0, 0.33, 0.01, 0.02, 0.02, 573.85, 0.0, 0.0, 1055.99, 1136.33, 1.86, 0.01, 403.042, 36.619, 35.519, 21.11, 0.0, 0.0, 0.0, 0.0, 0.0, 0.0, 1.984464E7, 215732.63, 0.0, 0.0, 0.0, 6.57, 2.02, 8.59, 33.47, 22.16, 0.0, , , , 0.0, 0.0, , 6.57, 2.02, , 0.0, 0.0, , 0.0, 0.0, , 9584.03, 17319.7, 3864.72, 5670.44, 2144.7, 1144.26, 6453.69, 6667.03, 440.97, 1.34, 0.29, 1.18, 1.63, 3.22, 0.29, 0.0, 31.0, 41.0, 24.0, 23.0, 0.0, 0.0, 0.0, 0.0, 13448.75, 22990.14, 0.0, 38.0, 24.0, 29.0, 18.0, 0.0, 0.0, 0.0, 0.0, 7.11, 0.18 
SVC-2145-CS2SVC1-IBM, CS2SVC1N2, 5/2/18 12:44 PM, 900, io_grp0, , 49.01, 0.03, 49.03, 11332.09, 3368.43, 14700.52, 223.65, 149.01, 372.66, 1.193, 0.343, 0.999, 0.147, 0.024, 0.119, 20.21, 45.299, 25.959, 8839.77, 11025.36, 19865.13, 99.99, 99.99, 259.85, 153.02, 412.87, 601.64, 1.03, 2.04, 1.59, 30.101, 14.212, 21.283, 76775.15, 75568.27, 152343.42, 434.81, 1036.45, 99.99, 68.97, 37.06, 80.47, 448165.92, 532311.27, 980477.19, 313375.3, 295300.25, 35.21, 0.0, 20055.21, 20055.21, 14701.87, 0.0, 14701.87, 53765.57, 48158.12, 101923.69, 8307.71, 7354.94, 15662.66, 259.89, 152.91, 412.8, 149.03, 223.66, 372.69, 157.48, 57.88, 215.35, 35.24, 0.36, 35.6, 0.1, 0.0, 0.05, 0.08, 0.04, 0.06, 1.03, 0.0, 0.49, 0.01, 0.03, 0.02, 1106.56, 0.0, 0.0, 972.63, 1159.87, 2.21, 0.0, 512.464, 55.152, 11.991, 9.154, 0.0, 0.0, 0.0, 0.0, 0.0, 0.0, 401290.0, 608675.55, 0.0, 0.0, 0.0, 0.08, 0.08, 0.16, 40.84, 18.26, 0.0, , , , 0.0, 0.0, , 0.08, 0.08, , 0.0, 0.0, , 0.0, 0.0, , 8869.39, 17067.75, 11479.08, 11611.34, 4821.88, 2081.55, 5063.04, 5677.12, 501.83, 0.53, 0.35, 0.99, 1.5, 2.05, 0.19, 0.0, 39.0, 38.0, 36.0, 55.0, 0.0, 0.0, 0.0, 0.0, 20348.47, 28679.09, 0.0, 41.0, 30.0, 25.0, 17.0, 0.0, 0.0, 0.0, 0.0, 9.29, 0.0 
SVC-2145-CS2SVC1-IBM, CS2SVC1N3, 5/2/18 12:44 PM, 900, io_grp1, , 28.3, 0.01, 28.31, 17830.09, 2211.94, 20042.03, 416.32, 91.78, 508.1, 1.185, 0.335, 1.091, 0.027, 0.022, 0.026, 23.909, 42.491, 25.96, 10918.93, 5471.08, 16390.01, 100.0, 99.91, 324.74, 101.42, 426.16, 585.26, 1.13, 0.73, 1.0, 30.455, 18.982, 26.625, 76112.71, 76857.83, 152970.54, 641.44, 1226.7, 100.0, 43.71, 21.29, 55.69, 842701.33, 766983.13, 1609684.46, 207605.58, 178036.38, 35.63, 0.0, 16655.83, 16655.83, 20041.88, 0.0, 20041.88, 48222.15, 51203.17, 99425.33, 7848.68, 8998.83, 16847.51, 324.66, 101.04, 425.7, 91.74, 416.31, 508.05, 108.53, 123.51, 232.04, 60.33, 0.58, 60.91, 0.1, 0.0, 0.05, 0.01, 0.03, 0.02, 0.48, 0.0, 0.23, 0.01, 0.02, 0.02, 1617.11, 0.16, 2.67, 442.15, 1552.73, 5.01, 0.01, 471.637, 177.017, 7.074, 5.831, 0.0, 0.0, 0.0, 0.0, 0.0, 0.0, 2.062574E7, 385641.96, 0.0, 0.01, 0.0, 0.0, 176.02, 176.02, 80.81, 14.47, 0.0, , , , 0.0, 0.08, , 0.0, 176.02, , 0.0, 0.0, , 0.0, 0.0, , 12722.07, 21753.54, 5591.07, 7753.28, 3623.73, 1374.92, 8610.99, 11593.15, 1372.21, 0.46, 0.41, 1.29, 1.79, 1.24, 0.25, 0.0, 42.0, 50.0, 32.0, 33.0, 0.0, 0.0, 0.0, 0.0, 18313.14, 29506.82, 0.0, 36.0, 31.0, 33.0, 28.0, 0.0, 0.0, 0.0, 0.0, 9.93, 0.19 
SVC-2145-CS2SVC1-IBM, CS2SVC1N4, 5/2/18 12:44 PM, 900, io_grp1, , 79.62, 0.0, 79.62, 12124.09, 2647.67, 14771.76, 253.18, 101.83, 355.01, 1.523, 0.414, 1.325, 0.198, 0.022, 0.167, 21.383, 39.385, 24.61, 11031.64, 4740.43, 15772.07, 100.0, 99.95, 865.12, 117.17, 982.3, 1155.75, 2.16, 0.91, 1.79, 80.304, 25.311, 63.776, 70436.46, 69607.12, 140043.59, 475.94, 1631.69, 100.0, 81.92, 11.36, 83.98, 508599.0, 1870376.61, 2378975.61, 239868.09, 198641.82, 35.74, 0.0, 16054.87, 16054.87, 14772.1, 0.0, 14772.1, 49373.2, 46113.4, 95486.6, 6291.16, 7438.86, 13730.02, 865.14, 117.05, 982.19, 101.83, 253.18, 355.01, 120.29, 105.11, 225.4, 68.49, 0.6, 69.09, 0.1, 0.0, 0.05, 0.01, 0.03, 0.02, 0.57, 0.0, 0.27, 0.01, 0.02, 0.02, 1607.65, 0.0, 0.02, 471.86, 608.61, 4.5, 0.03, 471.243, 65.547, 44.688, 100.478, 0.0, 0.0, 0.0, 0.0, 0.0, 0.0, 613710.0, 438509.91, 0.0, 0.0, 0.0, 0.0, 114.1, 114.1, 5.08, 17.84, 0.0, , , , 0.0, 0.04, , 0.0, 114.1, , 0.0, 0.0, , 0.0, 0.0, , 12777.37, 39259.03, 5235.81, 7470.62, 3699.31, 1719.87, 9604.01, 8122.18, 573.33, 0.52, 0.47, 0.84, 1.71, 2.18, 1.06, 0.0, 36.0, 53.0, 35.0, 36.0, 0.0, 0.0, 0.0, 0.0, 18013.18, 46729.65, 0.0, 34.0, 35.0, 24.0, 33.0, 0.0, 0.0, 0.0, 0.0, 13.59, 0.01 
SVC-2145-CS2SVC1-IBM, CS2SVC1N5, 5/2/18 12:44 PM, 900, io_grp2, , 33.11, 0.02, 33.12, 15402.86, 1950.32, 17353.18, 527.8, 68.89, 596.69, 0.824, 0.333, 0.769, 0.304, 0.024, 0.273, 35.089, 36.169, 35.21, 6884.04, 3065.32, 9949.36, 99.99, 99.99, 360.91, 68.31, 429.22, 527.35, 1.92, 0.95, 1.62, 53.686, 22.819, 44.176, 64581.3, 63076.98, 127658.28, 787.13, 1314.48, 99.99, 44.15, 15.92, 53.04, 1071024.46, 739336.43, 1810360.89, 139816.88, 131125.04, 28.38, 0.0, 10153.09, 10153.09, 17350.0, 0.0, 17350.0, 42724.76, 47653.6, 90378.36, 4506.55, 5270.28, 9776.83, 360.57, 67.86, 428.43, 68.84, 527.75, 596.59, 73.82, 190.92, 264.75, 24.12, 0.6, 24.72, 0.14, 0.0, 0.07, 0.01, 0.06, 0.04, 0.55, 0.0, 0.26, 0.01, 0.04, 0.02, 1504.09, 0.0, 0.0, 512.36, 112.14, 2.91, 0.02, 511.806, 49.036, 63.98, 172.492, 0.0, 0.0, 0.0, 0.0, 0.0, 0.0, 8501330.0, 270941.92, 0.0, 0.0, 0.0, 0.05, 0.05, 0.1, 79.88, 14.65, 0.0, , , , 0.0, 0.0, , 0.05, 0.05, , 0.0, 0.0, , 0.0, 0.0, , 6991.0, 16311.45, 3651.72, 5439.13, 2397.65, 1253.74, 6035.9, 10865.4, 5514.21, 0.73, 0.46, 1.06, 0.88, 0.57, 1.22, 0.0, 40.0, 35.0, 34.0, 35.0, 0.0, 0.0, 0.0, 0.0, 10642.72, 21750.57, 0.0, 21.0, 23.0, 22.0, 16.0, 0.0, 0.0, 0.0, 0.0, 11.92, 0.08 
SVC-2145-CS2SVC1-IBM, CS2SVC1N6, 5/2/18 12:44 PM, 900, io_grp2, , 27.79, 0.02, 27.8, 24209.43, 4857.56, 29066.99, 491.82, 181.28, 673.1, 1.683, 0.363, 1.462, 0.389, 0.031, 0.329, 20.803, 38.215, 23.713, 18160.81, 6747.18, 24908.0, 99.99, 99.87, 387.63, 179.28, 566.91, 811.89, 1.89, 1.68, 1.83, 21.857, 27.208, 23.306, 83974.09, 76274.88, 160248.97, 742.25, 1554.14, 99.99, 50.28, 31.57, 65.97, 997416.81, 794734.9, 1792151.71, 367166.27, 361362.1, 38.98, 0.0, 25127.72, 25127.72, 29069.2, 0.0, 29069.2, 49067.79, 43945.54, 93013.33, 5837.09, 7201.62, 13038.71, 387.67, 178.93, 566.6, 181.28, 491.87, 673.14, 187.86, 70.58, 258.45, 55.08, 0.87, 55.95, 0.17, 0.0, 0.09, 0.04, 0.06, 0.05, 0.55, 0.0, 0.26, 0.03, 0.06, 0.05, 3273.76, 0.0, 0.0, 600.78, 148.53, 8.03, 0.01, 600.568, 115.18, 11.665, 36.013, 0.0, 0.0, 0.0, 0.0, 0.0, 0.0, 2.391937E7, 728528.38, 0.0, 0.03, 0.01, 0.01, 441.86, 441.88, 54.58, 4.81, 0.0, , , , 0.0, 0.12, , 0.01, 441.86, , 0.0, 0.0, , 0.0, 0.0, , 18268.18, 29489.12, 8059.02, 11927.38, 4562.82, 2953.17, 9526.41, 11745.74, 1400.27, 0.84, 0.38, 2.8, 5.3, 8.37, 0.68, 0.0, 50.0, 52.0, 48.0, 43.0, 0.0, 0.0, 0.0, 0.0, 26327.21, 41416.5, 0.0, 42.0, 32.0, 18.0, 27.0, 0.0, 0.0, 0.0, 0.0, 14.2, 0.22 
SVC-2145-CS2SVC1-IBM, CS2SVC1N7, 5/2/18 12:44 PM, 900, io_grp3, , 75.53, 0.0, 75.53, 7406.14, 1874.94, 9281.08, 231.32, 57.57, 288.89, 2.375, 0.276, 1.951, 0.093, 0.022, 0.078, 31.983, 31.444, 31.874, 5083.4, 4039.84, 9123.25, 99.99, 99.99, 508.39, 73.64, 582.03, 647.49, 2.29, 2.19, 2.24, 102.41, 18.665, 65.327, 50774.71, 54555.66, 105330.37, 383.48, 1030.97, 99.99, 78.66, 12.67, 81.37, 463462.36, 1039568.79, 1503031.15, 151374.47, 107818.59, 23.63, 0.0, 9246.5, 9246.5, 9278.22, 0.0, 9278.22, 37566.12, 40255.8, 77821.91, 3930.37, 5053.36, 8983.73, 507.38, 73.64, 581.02, 57.58, 231.23, 288.81, 81.27, 78.29, 159.56, 1.26, 0.33, 1.59, 0.14, 0.0, 0.07, 0.2, 0.11, 0.15, 0.44, 0.0, 0.21, 0.01, 0.02, 0.01, 143.11, 0.0, 0.0, 665.46, 82.3, 4.6, 0.0, 665.136, 92.473, 36.859, 95.954, 0.0, 0.0, 0.0, 0.0, 0.0, 0.0, 293300.0, 259193.07, 0.0, 0.0, 0.0, 0.45, 0.45, 0.89, 20.58, 30.11, 0.0, , , , 0.0, 0.0, , 0.45, 0.45, , 0.0, 0.0, , 0.0, 0.0, , 5137.29, 20569.35, 4054.64, 5972.36, 2356.26, 983.01, 5071.01, 5679.76, 496.26, 2.31, 0.35, 1.7, 2.9, 1.87, 0.26, 0.0, 30.0, 33.0, 26.0, 20.0, 0.0, 0.0, 0.0, 0.0, 9191.93, 26541.72, 0.0, 25.0, 19.0, 22.0, 14.0, 0.0, 0.0, 0.0, 0.0, 8.6, 0.0 
SVC-2145-CS2SVC1-IBM, CS2SVC1N8, 5/2/18 12:44 PM, 900, io_grp3, , 76.61, 0.0, 76.61, 13145.97, 1531.23, 14677.21, 452.56, 62.27, 514.83, 2.601, 0.351, 2.366, 0.85, 0.021, 0.763, 35.252, 41.642, 35.918, 7627.99, 5264.89, 12892.88, 99.99, 99.99, 1042.89, 74.17, 1117.06, 1184.82, 2.87, 0.71, 1.99, 140.001, 14.425, 88.721, 51345.01, 47720.64, 99065.66, 607.55, 1792.37, 99.99, 78.23, 6.64, 79.68, 916981.54, 2136221.34, 3053202.88, 151334.07, 117615.1, 27.11, 0.0, 13039.89, 13039.89, 14680.25, 0.0, 14680.25, 34337.59, 32039.3, 66376.89, 2327.17, 2641.45, 4968.62, 1042.87, 74.12, 1116.99, 62.26, 452.65, 514.91, 75.04, 80.69, 155.72, 4.65, 0.1, 4.74, 0.2, 0.0, 0.1, 0.02, 0.04, 0.03, 0.46, 0.0, 0.23, 0.01, 0.02, 0.01, 547.23, 0.0, 0.05, 518.87, 421.88, 9.67, 0.01, 518.462, 23.272, 14.496, 11.17, 0.0, 0.0, 0.0, 0.0, 0.0, 0.0, 794290.0, 268949.17, 0.0, 0.0, 0.0, 0.04, 0.04, 0.07, 19.28, 25.88, 0.0, , , , 0.0, 0.0, , 0.04, 0.04, , 0.0, 0.0, , 0.0, 0.0, , 7687.74, 37938.54, 5338.92, 7161.4, 3220.11, 755.62, 4903.51, 5967.84, 479.16, 0.56, 0.42, 1.38, 2.53, 1.69, 0.24, 0.0, 26.0, 26.0, 27.0, 35.0, 0.0, 0.0, 0.0, 0.0, 13026.66, 45099.94, 0.0, 31.0, 22.0, 15.0, 34.0, 0.0, 0.0, 0.0, 0.0, 15.5, 0.01 
SVC-2145-CS2SVC1-IBM, CS2SVC1N1, 5/2/18 12:59 PM, 900, io_grp0, , 61.98, 0.01, 61.98, 10364.25, 2403.82, 12768.07, 188.8, 99.53, 288.33, 1.041, 0.32, 0.905, 0.167, 0.018, 0.139, 18.653, 42.399, 23.124, 10663.61, 4135.26, 14798.86, 99.99, 99.99, 297.56, 101.82, 399.38, 563.84, 0.77, 2.08, 1.14, 28.574, 25.212, 27.635, 60609.08, 68389.37, 128998.45, 428.21, 992.05, 99.99, 72.15, 25.51, 79.26, 376464.49, 609479.41, 985943.9, 208697.19, 193621.66, 29.81, 0.0, 15121.5, 15121.5, 12768.14, 0.0, 12768.14, 44577.75, 48784.15, 93361.9, 3263.19, 4483.72, 7746.91, 297.52, 100.77, 398.28, 99.54, 188.8, 288.34, 107.66, 138.29, 245.95, 59.12, 0.35, 59.47, 0.13, 0.0, 0.07, 0.1, 0.03, 0.06, 0.66, 0.0, 0.32, 0.02, 0.04, 0.03, 2192.67, 0.0, 0.0, 1036.6, 1190.49, 2.31, 0.01, 513.976, 40.967, 14.76, 4.106, 0.0, 0.0, 0.0, 0.0, 0.0, 0.0, 3.824072E7, 402318.85, 0.0, 0.0, 0.0, 0.85, 0.28, 1.14, 26.27, 13.04, 0.0, , , , 0.0, 0.0, , 0.85, 0.28, , 0.0, 0.0, , 0.0, 0.0, , 10692.03, 18995.59, 5709.12, 7384.46, 2593.63, 1368.89, 7213.62, 7514.65, 505.61, 1.01, 0.3, 0.92, 1.26, 2.53, 0.27, 0.0, 33.0, 41.0, 26.0, 26.0, 0.0, 0.0, 0.0, 0.0, 16401.15, 26380.05, 0.0, 39.0, 27.0, 31.0, 17.0, 0.0, 0.0, 0.0, 0.0, 8.54, 0.35 
SVC-2145-CS2SVC1-IBM, CS2SVC1N2, 5/2/18 12:59 PM, 900, io_grp0, , 42.53, 0.03, 42.56, 11812.75, 3798.12, 15610.88, 214.35, 135.89, 350.24, 1.215, 0.316, 0.996, 0.128, 0.022, 0.102, 18.581, 36.636, 22.974, 8449.23, 7215.23, 15664.47, 99.99, 99.99, 234.36, 135.96, 370.32, 527.15, 1.16, 2.36, 1.71, 28.403, 19.296, 24.208, 66609.19, 63021.35, 129630.54, 455.09, 982.23, 99.99, 63.46, 36.72, 76.88, 428770.98, 480036.48, 908807.46, 278444.16, 268099.47, 30.05, 0.0, 15849.57, 15849.57, 15610.67, 0.0, 15610.67, 47418.03, 43301.03, 90719.06, 3580.49, 3870.75, 7451.24, 234.36, 135.84, 370.19, 135.9, 214.34, 350.24, 137.69, 104.67, 242.36, 19.2, 0.24, 19.44, 0.11, 0.0, 0.05, 0.08, 0.05, 0.07, 0.77, 0.0, 0.37, 0.01, 0.03, 0.02, 1128.17, 0.0, 0.0, 1064.93, 1191.53, 2.05, 0.0, 513.42, 291.899, 42.839, 1.675, 0.0, 0.0, 0.0, 0.0, 0.0, 0.0, 1168240.0, 546543.63, 0.0, 0.0, 0.0, 0.51, 0.36, 0.87, 43.25, 9.65, 0.0, , , , 0.0, 0.0, , 0.51, 0.36, , 0.0, 0.0, , 0.0, 0.0, , 8482.4, 16193.6, 7692.47, 10018.71, 4854.29, 2164.15, 6670.35, 7568.39, 692.98, 0.66, 0.41, 1.0, 1.38, 2.06, 0.24, 0.0, 33.0, 32.0, 32.0, 45.0, 0.0, 0.0, 0.0, 0.0, 16174.87, 26212.32, 0.0, 33.0, 26.0, 23.0, 16.0, 0.0, 0.0, 0.0, 0.0, 8.67, 0.01 
SVC-2145-CS2SVC1-IBM, CS2SVC1N3, 5/2/18 12:59 PM, 900, io_grp1, , 24.62, 0.02, 24.64, 24668.71, 2756.79, 27425.5, 530.71, 112.25, 642.96, 1.445, 0.348, 1.335, 0.039, 0.025, 0.037, 22.03, 41.696, 24.006, 16152.75, 6022.68, 22175.42, 99.99, 99.92, 455.23, 119.2, 574.43, 754.19, 1.28, 0.88, 1.17, 28.859, 20.266, 26.526, 86217.96, 86130.78, 172348.74, 850.55, 1604.74, 99.99, 39.0, 19.14, 50.68, 1076714.88, 1031278.84, 2107993.72, 244096.58, 219700.98, 42.41, 0.0, 22455.75, 22455.75, 27426.43, 0.0, 27426.43, 50660.06, 54407.29, 105067.35, 8131.47, 9267.74, 17399.2, 455.29, 118.87, 574.16, 112.25, 530.73, 642.99, 128.13, 200.36, 328.49, 58.52, 0.59, 59.11, 0.13, 0.0, 0.07, 0.01, 0.04, 0.03, 0.49, 0.0, 0.24, 0.01, 0.05, 0.03, 1618.07, 0.17, 2.91, 511.08, 904.78, 5.85, 0.01, 524.68, 276.217, 0.526, 0.662, 0.0, 0.0, 0.0, 0.0, 0.0, 0.0, 2.394212E7, 463797.56, 0.0, 0.01, 0.0, 0.22, 174.12, 174.34, 65.94, 11.36, 0.0, , , , 0.0, 0.07, , 0.22, 174.12, , 0.0, 0.0, , 0.0, 0.0, , 17911.72, 30529.03, 6124.37, 8709.82, 3799.74, 1517.31, 11022.13, 10410.91, 1122.62, 0.38, 0.37, 0.89, 1.31, 0.92, 0.21, 0.0, 54.0, 58.0, 38.0, 39.0, 0.0, 0.0, 0.0, 0.0, 24036.09, 39238.85, 0.0, 41.0, 36.0, 41.0, 31.0, 0.0, 0.0, 0.0, 0.0, 12.89, 0.22 
SVC-2145-CS2SVC1-IBM, CS2SVC1N4, 5/2/18 12:59 PM, 900, io_grp1, , 66.23, 0.01, 66.24, 19746.19, 3110.68, 22856.87, 427.23, 173.49, 600.73, 1.821, 0.462, 1.636, 0.167, 0.03, 0.148, 22.155, 57.112, 26.913, 14181.2, 5972.84, 20154.05, 99.99, 99.96, 913.54, 191.93, 1105.47, 1358.92, 2.1, 1.24, 1.84, 65.965, 32.904, 56.167, 81790.04, 76529.03, 158319.07, 744.29, 2103.21, 99.99, 71.81, 16.65, 76.5, 864761.76, 1968638.26, 2833400.02, 393106.06, 345123.15, 42.48, 0.0, 20450.36, 20450.36, 22856.83, 0.0, 22856.83, 52243.6, 48187.36, 100430.96, 6689.62, 7891.3, 14580.92, 913.62, 191.87, 1105.49, 173.5, 427.23, 600.74, 197.01, 124.56, 321.57, 74.79, 0.63, 75.42, 0.14, 0.0, 0.07, 0.01, 0.04, 0.03, 0.58, 0.0, 0.28, 0.01, 0.03, 0.02, 1964.43, 0.01, 0.25, 704.9, 722.31, 4.0, 0.02, 569.693, 93.209, 154.877, 260.8, 0.0, 0.0, 0.0, 0.0, 0.0, 0.0, 1088360.0, 738229.21, 0.0, 0.0, 0.0, 0.01, 130.68, 130.69, 9.64, 12.11, 0.0, , , , 0.0, 0.03, , 0.01, 130.68, , 0.0, 0.0, , 0.0, 0.0, , 15913.25, 43312.87, 6661.58, 10752.87, 3677.63, 1816.81, 11592.39, 8462.56, 366.96, 0.45, 0.48, 1.12, 2.16, 2.38, 0.95, 0.0, 49.0, 64.0, 43.0, 43.0, 0.0, 0.0, 0.0, 0.0, 22574.82, 54065.74, 0.0, 38.0, 41.0, 29.0, 33.0, 0.0, 0.0, 0.0, 0.0, 17.38, 0.01 
SVC-2145-CS2SVC1-IBM, CS2SVC1N5, 5/2/18 12:59 PM, 900, io_grp2, , 60.74, 0.08, 60.77, 4976.24, 2071.35, 7047.59, 143.37, 55.31, 198.68, 1.688, 0.259, 1.268, 0.928, 0.018, 0.66, 29.503, 27.342, 28.868, 5486.38, 3107.02, 8593.4, 99.99, 99.99, 160.39, 49.96, 210.35, 281.08, 1.08, 0.86, 1.0, 29.936, 16.465, 25.065, 54253.24, 63890.87, 118144.11, 378.5, 659.58, 99.99, 70.58, 23.74, 77.57, 283452.94, 329378.81, 612831.75, 102310.74, 103077.61, 24.77, 0.0, 8792.58, 8792.58, 7047.73, 0.0, 7047.73, 43073.2, 50454.14, 93527.34, 4132.31, 4644.14, 8776.45, 160.38, 49.51, 209.89, 55.31, 143.38, 198.7, 54.95, 185.03, 239.98, 10.44, 0.57, 11.01, 0.14, 0.0, 0.07, 0.01, 0.06, 0.04, 0.51, 0.0, 0.25, 0.01, 0.06, 0.04, 1083.21, 0.0, 0.05, 517.43, 242.29, 3.33, 0.01, 517.044, 351.851, 38.433, 12.245, 0.0, 0.0, 0.0, 0.0, 0.0, 0.0, 1.006072E7, 205388.35, 0.0, 0.0, 0.0, 0.01, 0.01, 0.02, 39.77, 10.7, 0.0, , , , 0.0, 0.0, , 0.01, 0.01, , 0.0, 0.0, , 0.0, 0.0, , 5610.32, 10628.61, 3311.74, 5066.54, 2633.14, 1330.66, 6475.56, 8916.37, 3287.89, 0.81, 0.4, 1.21, 1.61, 0.72, 0.32, 0.0, 39.0, 36.0, 21.0, 20.0, 0.0, 0.0, 0.0, 0.0, 8922.06, 15695.15, 0.0, 21.0, 22.0, 23.0, 16.0, 0.0, 0.0, 0.0, 0.0, 5.46, 0.09 
SVC-2145-CS2SVC1-IBM, CS2SVC1N6, 5/2/18 12:59 PM, 900, io_grp2, , 28.93, 0.01, 28.94, 25066.59, 5194.63, 30261.22, 606.68, 215.84, 822.52, 1.655, 0.42, 1.443, 1.591, 0.039, 1.325, 24.784, 42.547, 27.833, 13505.37, 7093.08, 20598.45, 99.99, 99.9, 554.66, 214.35, 769.01, 1004.2, 2.42, 1.88, 2.24, 42.056, 30.944, 38.229, 89183.33, 74017.71, 163201.05, 873.34, 1877.54, 99.99, 48.59, 27.83, 62.9, 1232232.22, 1136941.27, 2369173.48, 438982.91, 431895.37, 40.55, 0.0, 20807.51, 20807.51, 30263.44, 0.0, 30263.44, 51761.39, 44245.54, 96006.93, 7158.5, 8964.67, 16123.17, 554.69, 213.93, 768.62, 215.88, 606.66, 822.54, 181.84, 51.59, 233.43, 51.8, 1.16, 52.95, 0.17, 0.0, 0.08, 0.04, 0.06, 0.05, 0.55, 0.0, 0.26, 0.02, 0.06, 0.04, 4594.93, 0.0, 0.05, 553.66, 217.44, 4.65, 0.01, 553.285, 239.778, 131.756, 106.699, 0.0, 0.0, 0.0, 0.0, 0.0, 0.0, 3.99993E7, 870878.28, 0.0, 0.02, 0.01, 0.05, 406.75, 406.81, 50.93, 4.75, 0.0, , , , 0.0, 0.09, , 0.05, 406.75, , 0.0, 0.0, , 0.0, 0.0, , 13626.04, 29947.16, 9438.17, 13206.05, 4593.89, 2984.38, 11334.28, 15862.39, 1388.29, 0.86, 0.41, 1.6, 1.75, 2.29, 0.78, 0.0, 53.0, 49.0, 47.0, 46.0, 0.0, 0.0, 0.0, 0.0, 23064.2, 43153.2, 0.0, 47.0, 36.0, 18.0, 29.0, 0.0, 0.0, 0.0, 0.0, 17.64, 0.37 
SVC-2145-CS2SVC1-IBM, CS2SVC1N7, 5/2/18 12:59 PM, 900, io_grp3, , 70.8, 0.0, 70.8, 11792.39, 1664.55, 13456.94, 450.03, 57.19, 507.22, 1.354, 0.302, 1.224, 0.039, 0.021, 0.037, 39.078, 35.185, 38.597, 12976.39, 2950.47, 15926.86, 100.0, 100.0, 602.9, 62.67, 665.57, 730.99, 0.95, 2.69, 1.28, 47.576, 21.75, 42.792, 49381.71, 55338.94, 104720.65, 577.6, 1308.6, 100.0, 73.58, 9.4, 76.06, 911141.91, 1235863.36, 2147005.26, 128776.75, 106735.91, 27.51, 0.0, 16055.46, 16055.46, 13456.82, 0.0, 13456.82, 32036.99, 34341.57, 66378.56, 3887.9, 4941.92, 8829.82, 603.3, 62.67, 665.97, 57.19, 450.02, 507.21, 69.44, 64.59, 134.03, 1.07, 0.32, 1.39, 0.17, 0.0, 0.09, 0.21, 0.12, 0.17, 0.45, 0.0, 0.21, 0.01, 0.03, 0.02, 108.18, 0.0, 0.0, 534.25, 149.12, 3.76, 0.01, 534.049, 184.228, 129.796, 14.206, 0.0, 0.0, 0.0, 0.0, 0.0, 0.0, 1943390.0, 235512.66, 0.0, 0.0, 0.0, 0.0, 0.0, 0.0, 43.1, 18.42, 0.0, , , , 0.0, 0.0, , 0.0, 0.0, , 0.0, 0.0, , 0.0, 0.0, , 13027.48, 27867.17, 2960.65, 4595.92, 3071.57, 1295.59, 5444.26, 4305.16, 1008.56, 2.95, 0.33, 1.51, 2.5, 1.47, 0.19, 0.0, 32.0, 39.0, 36.0, 25.0, 0.0, 0.0, 0.0, 0.0, 15988.13, 32463.09, 0.0, 24.0, 22.0, 26.0, 16.0, 0.0, 0.0, 0.0, 0.0, 11.23, 0.02 
SVC-2145-CS2SVC1-IBM, CS2SVC1N8, 5/2/18 12:59 PM, 900, io_grp3, , 69.69, 0.0, 69.69, 22931.54, 1522.12, 24453.66, 828.31, 62.31, 890.62, 1.576, 0.409, 1.504, 1.584, 0.028, 1.487, 36.988, 41.918, 37.295, 14807.93, 3225.02, 18032.96, 100.0, 100.0, 1289.27, 63.94, 1353.2, 1417.78, 2.4, 0.95, 2.15, 89.155, 20.301, 76.841, 54792.61, 46822.03, 101614.65, 960.98, 2378.75, 100.0, 71.18, 4.72, 72.55, 1685977.15, 2640525.57, 4326502.71, 130507.48, 117414.61, 32.17, 0.0, 18177.88, 18177.88, 24449.47, 0.0, 24449.47, 28148.58, 26198.76, 54347.34, 2194.56, 2445.4, 4639.96, 1289.24, 63.89, 1353.13, 62.31, 828.17, 890.48, 61.22, 68.84, 130.06, 5.01, 0.08, 5.09, 0.23, 0.0, 0.11, 0.02, 0.06, 0.04, 0.48, 0.0, 0.24, 0.01, 0.03, 0.02, 578.49, 0.0, 0.02, 519.81, 149.71, 8.19, 0.01, 519.541, 20.714, 24.485, 2.639, 0.0, 0.0, 0.0, 0.0, 0.0, 0.0, 2718450.0, 247922.09, 0.0, 0.0, 0.0, 0.0, 0.0, 0.0, 32.84, 14.79, 0.0, , , , 0.0, 0.0, , 0.0, 0.0, , 0.0, 0.0, , 0.0, 0.0, , 14855.5, 50904.35, 3315.28, 5097.23, 3385.28, 979.71, 7160.7, 8152.25, 1818.4, 0.59, 0.4, 1.45, 2.11, 1.56, 0.61, 0.0, 29.0, 33.0, 39.0, 42.0, 0.0, 0.0, 0.0, 0.0, 18170.78, 56001.58, 0.0, 31.0, 25.0, 19.0, 38.0, 0.0, 0.0, 0.0, 0.0, 20.91, 0.03 
