Storage System, Pool, Time, Interval (s), RAID Level, Tier, Easy Tier, Read Cache Hits - VCC (%), Read Cache Hits - VC (%), Read Cache Hits - overall (%), Write Cache Hits - VCC (%), Back-end Read I/O Rate (ops/s), Back-end Write I/O Rate (ops/s), Total Back-end I/O Rate (ops/s), Back-end Read Data Rate (MiB/s), Back-end Write Data Rate (MiB/s), Total Back-end Data Rate (MiB/s), Back-end Read Response Time (ms/op), Back-end Write Response Time (ms/op), Overall Back-end Response Time (ms/op), Back-end Read Queue Time (ms/op), Back-end Write Queue Time (ms/op), Overall Back-end Queue Time (ms/op), Back-end Read Transfer Size (KiB/op), Back-end Write Transfer Size (KiB/op), Overall Back-end Transfer Size (KiB/op), Read I/O Rate - overall (ops/s), Write I/O Rate - overall (ops/s), Total I/O Rate - overall (ops/s), Write Cache Hits - VC (%), Write Cache Hits - overall (%), Read Data Rate (MiB/s), Write Data Rate (MiB/s), Total Data Rate (MiB/s), Read Response Time (ms/op), Write Response Time (ms/op), Overall Response Time (ms/op), Read Transfer Size (KiB/op), Write Transfer Size (KiB/op), Overall Transfer Size (KiB/op), Total Cache Hits - VCC (%), Total Cache Hits - VC (%), Total Cache Hits - overall (%), Disk to Cache Transfer Rate - VCC (ops/s), Disk to Cache Transfer Rate - VC (ops/s), Disk-to-Cache Transfer Rate (ops/s), Cache to Disk Transfer Rate - VCC (ops/s), Cache to Disk Transfer Rate - VC (ops/s), Cache-to-Disk Transfer Rate (ops/s), Peak Back-end Read Response Time (ms), Peak Back-end Write Response Time (ms), Peak Back-end Read Queue Time (ms), Peak Back-end Write Queue Time (ms), Write-cache Delay Percentage - VCC (%), Write-cache Delay Percentage - VC (%), Write-cache Delay Percentage (%), Write-cache Delay I/O Rate - VCC (ops/s), Write-cache Delay I/O Rate - VC (ops/s), Write-cache Delay I/O Rate (ops/s), Read-ahead Percentage of Cache Hits (%), Dirty Write Percentage of Cache Hits - VCC (%), Dirty Write Percentage of Cache Hits - VC (%), Dirty Write Percentage of Cache Hits (%), Write Cache Overflow Percentage (%), Write Cache Overflow I/O Rate (ops/s), Write Cache Flush-through Percentage - VCC (%), Write Cache Flush-through Percentage - VC (%), Write Cache Flush-through Percentage (%), Write Cache Flush-through I/O Rate - VCC (ops/s), Write Cache Flush-through I/O Rate - VC (ops/s), Write Cache Flush-through I/O Rate (ops/s), Write Cache Write-through Percentage - VCC (%), Write Cache Write-through Percentage - VC (%), Write Cache Write-through Percentage (%), Write Cache Write-through I/O Rate - VCC (ops/s), Write Cache Write-through I/O Rate - VC (ops/s), Write Cache Write-through I/O Rate (ops/s), Read I/O Rate - VC (ops/s), Read I/O Rate - VCC (ops/s), Write I/O Rate - VC (ops/s), Write I/O Rate - VCC (ops/s), Destage I/O Rate - VC (ops/s), Destage I/O Rate - VCC (ops/s), Stage I/O Rate - VC (ops/s), Stage I/O Rate - VCC (ops/s), Prestage I/O Rate - VCC (ops/s), Destage Response Time - VC (ms/op), Destage Response Time - VCC (ms/op), Pool Activity Score (iops/GiB), Stage Response Time - VC (ms/op), Stage Response Time - VCC (ms/op), Prestage Response Time - VCC (ms/op), Cache to Host Transfer Response Time (ms/op), Unaligned Write I/O Rate (ops/s), Global Mirror Write I/O Rate (ops/s), Global Mirror Overlapping Write Percentage (%), Global Mirror Overlapping Write I/O Rate (ops/s), Peak Read Response Time (ms), Peak Write Response Time (ms), Global Mirror Secondary Write Lag (ms/op), Overall Host Attributed Response Time Percentage (%), Total I/O Rate - VC (ops/s), Total I/O Rate - VCC (ops/s) 
SVC-2145-CS2SVC1-IBM, Tier0_CS2DS8870B_A_TP, 5/2/18 12:14 PM, 900, raid5, , Auto/Inactive, 11.59, 0.0, 11.59, 100.0, 771.43, 72.61, 844.04, 23.33, 3.97, 27.3, 0.349, 0.448, 0.358, 0.026, 0.027, 0.026, 30.97, 55.997, 33.123, 222.27, 60.09, 282.37, 100.0, 100.0, 19.43, 4.01, 23.44, 0.84, 1.01, 0.88, 89.498, 68.364, 85.001, 27.72, 17.09, 40.08, 47781.29, 39801.01, 87582.3, 8131.72, 8209.18, 16340.9, 11.542, 2.367, 2.434, 1.18, 0.0, 0.0, 0.0, 0.0, 0.0, 0.0, 42.79, 1.01, 0.0, , , , 0.0, 0.0, , 0.0, 0.0, , 0.0, 0.0, , 0.0, 0.0, , 222.44, 777.6, 60.01, 167.24, 22.02, 22.72, 100.19, 147.04, 18.78, 0.58, 0.62, 0.02, 0.42, 0.41, 0.82, 0.5, 6.09, 14.11, 0.0, 0.0, 14.41, 30.9, 2.2, 0.03, 282.45, 944.84 
SVC-2145-CS2SVC1-IBM, Tier15_CS2DS8870C_A_TP, 5/2/18 12:14 PM, 900, , , Auto/Inactive, 25.8, 0.01, 25.81, 100.0, 12981.64, 1644.11, 14625.74, 305.07, 63.9, 368.96, 1.702, 0.362, 1.552, 0.063, 0.025, 0.059, 24.064, 39.796, 25.832, 6421.03, 4662.02, 11083.05, 99.91, 100.0, 227.5, 82.26, 309.76, 1.76, 1.31, 1.57, 36.28, 18.069, 28.62, 40.63, 20.3, 52.68, 624785.21, 661085.53, 1285870.73, 130875.36, 168484.62, 299359.98, 511.569, 310.497, 8.101, 20.781, 0.0, 0.01, 0.0, 0.0, 143.4, 143.4, 48.13, 22.34, 0.0, , , , 0.0, 0.08, , 0.0, 143.4, , 0.0, 0.0, , 0.0, 0.0, , 9537.44, 16203.06, 5008.32, 6171.43, 1623.54, 572.17, 4110.2, 4694.08, 169.62, 0.54, 0.45, 0.09, 1.36, 1.64, 2.08, 0.2, 785.56, 2558.34, 0.0, 0.13, 511.75, 1083.37, 5.39, 0.0, 14545.76, 22374.49 
SVC-2145-CS2SVC1-IBM, Tier1_CS2DS8870C_A_TP, 5/2/18 12:14 PM, 900, raid5, , Auto/Inactive, 52.75, 0.07, 52.79, 99.99, 4578.32, 2251.85, 6830.17, 91.17, 46.6, 137.77, 0.443, 0.291, 0.393, 0.029, 0.024, 0.027, 20.39, 21.191, 20.654, 3011.4, 3188.86, 6200.26, 99.93, 99.99, 73.29, 40.26, 113.54, 0.67, 2.08, 1.4, 24.92, 12.928, 18.752, 71.32, 35.28, 81.44, 186568.6, 151258.0, 337826.6, 95281.88, 82457.95, 177739.82, 173.196, 57.105, 0.294, 2.408, 0.0, 0.02, 0.01, 0.01, 56.9, 56.91, 51.89, 17.77, 0.0, , , , 0.0, 0.06, , 0.01, 56.9, , 0.0, 0.0, , 0.0, 0.0, , 3160.53, 6498.14, 3707.24, 5811.84, 1335.38, 753.77, 790.3, 1012.32, 154.98, 1.56, 0.36, 0.05, 0.61, 0.64, 0.56, 0.18, 468.52, 2061.15, 0.0, 0.04, 788.01, 1185.43, 2.3, 0.0, 6867.78, 12309.98 
SVC-2145-CS2SVC1-IBM, Tier15_CS2DS8870E_C_TP, 5/2/18 12:14 PM, 900, , , Auto/Inactive, 85.79, 0.01, 85.79, 99.99, 6138.68, 1892.2, 8030.89, 118.89, 61.58, 180.47, 0.937, 0.309, 0.789, 0.091, 0.022, 0.075, 19.832, 33.325, 23.011, 5778.97, 3375.68, 9154.65, 99.99, 99.99, 549.88, 67.56, 617.43, 2.2, 1.5, 1.94, 97.435, 20.493, 69.063, 87.33, 10.93, 88.72, 243525.35, 1128059.48, 1371584.83, 126131.29, 138378.61, 264509.9, 516.976, 379.091, 6.658, 2.458, 0.0, 0.0, 0.0, 0.68, 0.65, 1.33, 4.05, 8.31, 0.0, , , , 0.0, 0.0, , 0.68, 0.65, , 0.0, 0.0, , 0.0, 0.0, , 5950.52, 22948.28, 3816.1, 5002.78, 1175.21, 570.85, 2414.06, 1658.67, 104.32, 0.68, 0.37, 0.09, 2.25, 3.7, 3.28, 1.16, 648.62, 1211.59, 0.05, 0.64, 517.12, 1173.05, 2.76, 0.03, 9766.62, 27951.06 
SVC-2145-CS2SVC1-IBM, Tier15_CS2DS8870E_B_TP, 5/2/18 12:14 PM, 900, , , Auto/Inactive, 47.55, 0.0, 47.55, 99.99, 17003.88, 1691.15, 18695.03, 504.13, 70.31, 574.44, 1.483, 0.36, 1.382, 0.289, 0.026, 0.265, 30.36, 42.575, 31.465, 15591.32, 3301.81, 18893.12, 99.99, 99.99, 397.26, 84.32, 481.59, 1.1, 1.2, 1.12, 26.091, 26.152, 26.102, 56.69, 17.5, 64.27, 1032541.14, 814004.09, 1846545.23, 144005.18, 172683.37, 316688.54, 375.788, 54.344, 0.812, 7.891, 0.0, 0.0, 0.0, 0.13, 0.13, 0.27, 79.07, 18.96, 0.0, , , , 0.0, 0.0, , 0.13, 0.13, , 0.0, 0.0, , 0.0, 0.0, , 15601.17, 25756.03, 3312.19, 5545.27, 1293.45, 597.53, 7671.3, 5732.37, 2147.25, 0.47, 0.42, 0.19, 1.47, 2.31, 1.31, 0.29, 483.69, 28.38, 0.0, 0.0, 344.16, 1054.64, 1.85, 0.01, 18913.36, 31301.3 
SVC-2145-CS2SVC1-IBM, Tier15_CS2DS8870E_E_TP, 5/2/18 12:14 PM, 900, , , Auto/Inactive, 40.62, 0.02, 40.63, 100.0, 10780.44, 1613.02, 12393.45, 317.37, 90.67, 408.04, 1.623, 0.372, 1.461, 0.24, 0.023, 0.212, 30.146, 57.562, 33.714, 5300.61, 4840.67, 10141.29, 99.94, 100.0, 333.72, 111.65, 445.37, 1.88, 1.13, 1.52, 64.471, 23.618, 44.971, 55.38, 25.06, 66.56, 649954.86, 683566.22, 1333521.08, 185708.13, 228653.59, 414361.72, 822.067, 200.993, 98.452, 137.455, 0.0, 0.01, 0.0, 0.0, 136.12, 136.12, 71.63, 18.35, 0.0, , , , 0.0, 0.05, , 0.0, 136.12, , 0.0, 0.0, , 0.0, 0.0, , 5327.83, 15432.28, 5218.48, 7188.68, 1634.94, 572.39, 2235.76, 3575.67, 354.66, 0.65, 0.47, 0.1, 1.45, 1.73, 1.33, 0.46, 780.91, 1367.75, 0.0, 0.01, 827.06, 1190.46, 2.93, 0.01, 10546.31, 22620.96 
SVC-2145-CS2SVC1-IBM, Tier15_CS2DS8870E_D_TP, 5/2/18 12:14 PM, 900, , , Auto/Inactive, 23.14, 0.02, 23.16, 100.0, 5375.31, 2269.23, 7644.53, 147.08, 81.68, 228.75, 3.148, 0.311, 2.306, 0.294, 0.021, 0.213, 28.018, 36.857, 30.642, 2715.52, 3172.78, 5888.3, 100.0, 100.0, 88.92, 48.12, 137.04, 3.98, 2.86, 3.38, 33.532, 15.53, 23.832, 49.12, 35.0, 66.92, 221992.1, 183095.26, 405087.35, 88045.0, 98543.41, 186588.41, 510.309, 468.301, 47.973, 44.502, 0.0, 0.0, 0.0, 0.0, 0.0, 0.0, 42.68, 11.47, 0.0, , , , 0.0, 0.0, , 0.0, 0.0, , 0.0, 0.0, , 0.0, 0.0, , 2796.32, 6218.73, 3340.98, 4286.3, 1272.35, 689.64, 800.94, 965.23, 17.82, 2.14, 0.33, 0.06, 2.71, 2.56, 2.06, 0.24, 423.08, 600.15, 0.14, 0.86, 807.98, 1023.42, 1.68, 0.0, 6137.3, 10505.03 
SVC-2145-CS2SVC1-IBM, Tier15_CS2DS8870E_A_TP, 5/2/18 12:14 PM, 900, , , Auto/Inactive, 52.09, 0.07, 52.13, 100.0, 1572.46, 1581.08, 3153.54, 46.04, 105.38, 151.42, 1.017, 0.392, 0.703, 0.057, 0.021, 0.039, 29.981, 68.247, 49.167, 798.67, 7112.01, 7910.68, 100.0, 100.0, 45.39, 91.95, 137.34, 1.3, 1.95, 1.89, 58.192, 13.239, 17.778, 85.46, 66.97, 95.2, 94290.42, 92905.67, 187196.09, 215779.88, 188347.17, 404127.05, 427.345, 93.864, 19.189, 1.284, 0.0, 0.0, 0.0, 0.0, 0.0, 0.0, 80.21, 2.35, 0.0, , , , 0.0, 0.0, , 0.0, 0.0, , 0.0, 0.0, , 0.0, 0.0, , 799.61, 2309.33, 7935.63, 6554.32, 883.38, 475.12, 242.14, 441.06, 38.57, 0.6, 0.41, 0.08, 0.97, 0.9, 1.52, 0.16, 338.76, 1290.42, 0.0, 0.0, 1026.73, 1588.17, 4.94, 0.0, 8735.24, 8863.65 
SVC-2145-CS2SVC1-IBM, Tier1_CS2DS8870B_A_TP, 5/2/18 12:14 PM, 900, raid5, , Auto/Inactive, 32.96, 0.04, 32.99, 99.99, 30056.48, 2986.44, 33042.91, 613.21, 75.51, 688.72, 1.276, 0.306, 1.188, 0.042, 0.024, 0.04, 20.892, 25.89, 21.343, 19793.04, 5424.01, 25217.06, 99.99, 99.99, 710.44, 91.59, 802.03, 1.16, 1.16, 1.16, 36.755, 17.292, 32.568, 41.14, 11.44, 47.88, 1255760.31, 1456985.11, 2712745.42, 154646.76, 187629.56, 342276.32, 529.776, 114.892, 0.238, 5.866, 0.0, 0.0, 0.0, 1.28, 1.28, 2.56, 40.14, 24.04, 0.0, , , , 0.0, 0.0, , 1.28, 1.28, , 0.0, 0.0, , 0.0, 0.0, , 20175.11, 39593.0, 5552.11, 8418.67, 2060.33, 1087.2, 6922.23, 8352.96, 404.04, 0.74, 0.36, 0.19, 0.9, 1.46, 1.31, 0.26, 456.79, 1478.59, 0.12, 1.79, 925.52, 1195.13, 3.18, 0.01, 25727.22, 48011.67 
SVC-2145-CS2SVC1-IBM, Tier15_CS2DS8870B_A_TP, 5/2/18 12:14 PM, 900, raid5, , Auto/Inactive, 68.73, 0.02, 68.74, 99.99, 3191.26, 986.3, 4177.56, 64.16, 59.34, 123.51, 2.533, 0.427, 2.036, 1.004, 0.025, 0.773, 20.588, 61.611, 30.273, 3908.32, 2834.75, 6743.07, 99.94, 99.99, 151.73, 71.0, 222.74, 1.72, 0.9, 1.38, 39.754, 25.649, 33.824, 78.66, 31.86, 85.46, 131411.63, 310878.75, 442290.38, 121540.3, 145425.06, 266965.36, 576.364, 49.136, 8.407, 5.713, 0.0, 0.01, 0.0, 0.02, 73.46, 73.48, 4.92, 17.6, 0.0, , , , 0.0, 0.05, , 0.02, 73.46, , 0.0, 0.0, , 0.0, 0.0, , 3958.06, 8203.88, 2956.75, 4403.6, 1260.12, 334.84, 1650.74, 901.74, 109.17, 0.53, 0.49, 0.06, 0.71, 2.41, 2.24, 0.57, 1083.27, 634.84, 0.01, 0.1, 576.5, 1052.91, 8.74, 0.02, 6914.82, 12607.48 
SVC-2145-CS2SVC1-IBM, Tier0_CS2DS8870A_A_TP, 5/2/18 12:14 PM, 900, raid5, , Auto/Inactive, 21.8, 0.0, 21.8, 100.0, 5529.08, 442.32, 5971.39, 178.17, 34.42, 212.59, 0.371, 0.45, 0.377, 0.023, 0.021, 0.023, 32.998, 79.691, 36.457, 1435.26, 193.27, 1628.53, 100.0, 100.0, 148.3, 33.67, 181.97, 0.86, 1.35, 0.92, 105.803, 178.399, 114.419, 36.05, 18.47, 47.87, 364925.92, 304011.52, 668937.44, 70497.91, 68907.65, 139405.56, 14.614, 2.593, 4.73, 1.39, 0.0, 0.0, 0.0, 0.0, 0.0, 0.0, 26.52, 0.79, 0.0, , , , 0.0, 0.0, , 0.0, 0.0, , 0.0, 0.0, , 0.0, 0.0, , 1436.1, 6091.09, 193.15, 1147.6, 98.54, 133.38, 624.28, 1074.22, 151.22, 0.68, 0.57, 0.2, 0.46, 0.4, 0.84, 0.48, 7.91, 0.0, 0.0, 0.0, 43.51, 39.5, 0.0, 0.04, 1629.25, 7238.69 
SVC-2145-CS2SVC1-IBM, Tier15_CS2DS8870C_B_TP, 5/2/18 12:14 PM, 900, , , Auto/Inactive, 83.95, 0.0, 83.95, 100.0, 10320.21, 1468.57, 11788.79, 236.83, 59.29, 296.12, 1.735, 0.355, 1.563, 0.224, 0.024, 0.199, 23.499, 41.34, 25.722, 10230.5, 4408.81, 14639.3, 99.75, 100.0, 838.89, 44.7, 883.59, 1.65, 1.03, 1.46, 83.967, 10.381, 61.806, 85.12, 5.05, 85.87, 485032.23, 1717856.57, 2202888.8, 121437.73, 91536.78, 212974.51, 315.407, 96.723, 0.303, 3.14, 0.0, 0.01, 0.0, 0.0, 222.46, 222.46, 9.73, 7.86, 0.0, , , , 0.0, 0.24, , 0.0, 222.46, , 0.0, 0.0, , 0.0, 0.0, , 10247.79, 33495.65, 4535.45, 5918.71, 873.19, 445.57, 4801.81, 4948.01, 1335.13, 0.54, 0.38, 0.12, 1.59, 1.83, 1.31, 0.34, 350.71, 3059.9, 0.0, 0.01, 315.71, 1141.46, 5.19, 0.01, 14783.23, 39414.36 
SVC-2145-CS2SVC1-IBM, Tier15_CS2DS8870C_C_TP, 5/2/18 12:14 PM, 900, , , Auto/Inactive, 42.1, 0.01, 42.12, 99.98, 2958.41, 1343.1, 4301.52, 60.13, 46.3, 106.43, 2.238, 0.338, 1.645, 0.51, 0.023, 0.358, 20.815, 35.299, 25.337, 2168.45, 2008.42, 4176.87, 99.98, 99.99, 55.25, 50.53, 105.78, 2.22, 1.5, 1.87, 26.093, 25.763, 25.934, 68.69, 47.76, 83.64, 123156.0, 113159.34, 236315.34, 94823.21, 103485.83, 198309.04, 398.521, 43.044, 33.078, 48.388, 0.0, 0.0, 0.0, 17.64, 15.93, 33.56, 51.52, 10.31, 0.0, , , , 0.01, 0.01, , 17.64, 15.93, , 0.0, 0.0, , 0.0, 0.0, , 2170.36, 4300.77, 2019.37, 3268.84, 919.78, 469.86, 795.97, 744.67, 46.7, 0.7, 0.42, 0.03, 1.18, 1.95, 2.19, 0.73, 443.02, 83.38, 0.0, 0.0, 812.07, 1048.23, 2.55, 0.01, 4189.73, 7569.61 
SVC-2145-CS2SVC1-IBM, Tier15_CS2DS8870B_B_TP, 5/2/18 12:14 PM, 900, raid5, , Auto/Inactive, 73.41, 0.04, 73.42, 100.0, 1890.02, 1164.24, 3054.26, 98.06, 60.74, 158.8, 1.714, 0.37, 1.202, 0.132, 0.023, 0.09, 53.126, 53.424, 53.24, 969.17, 1674.9, 2644.07, 100.0, 100.0, 100.34, 56.57, 156.91, 1.64, 1.76, 1.72, 106.017, 34.583, 60.767, 83.5, 36.04, 89.45, 200833.72, 205520.95, 406354.67, 124395.94, 115738.21, 240134.14, 351.847, 26.724, 2.802, 11.483, 0.0, 0.0, 0.0, 0.0, 0.0, 0.0, 89.06, 5.22, 0.0, , , , 0.0, 0.0, , 0.0, 0.0, , 0.0, 0.0, , 0.0, 0.0, , 972.25, 4011.74, 1732.43, 3978.7, 824.98, 559.54, 487.2, 549.44, 207.62, 0.63, 0.38, 0.03, 2.74, 4.03, 2.35, 0.5, 499.94, 136.58, 0.0, 0.0, 353.27, 1047.45, 10.61, 0.02, 2704.68, 7990.45 
SVC-2145-CS2SVC1-IBM, Tier0_CS2DS8870B_A_TP, 5/2/18 12:29 PM, 900, raid5, , Auto/Inactive, 21.19, 0.0, 21.19, 100.0, 611.92, 31.15, 643.07, 16.22, 0.54, 16.76, 1.11, 0.337, 1.073, 0.181, 0.027, 0.173, 27.148, 17.744, 26.693, 334.8, 38.48, 373.28, 100.0, 100.0, 18.5, 0.58, 19.08, 0.89, 0.8, 0.88, 56.584, 15.382, 52.337, 23.8, 3.02, 26.1, 33294.67, 38018.96, 71313.63, 1105.59, 1183.98, 2289.58, 18.636, 5.323, 0.89, 0.901, 0.0, 0.0, 0.0, 0.0, 0.0, 0.0, 48.88, 6.44, 0.0, , , , 0.0, 0.0, , 0.0, 0.0, , 0.0, 0.0, , 0.0, 0.0, , 335.23, 750.93, 38.87, 48.95, 19.68, 18.35, 59.99, 131.72, 19.57, 0.46, 0.49, 0.03, 0.51, 0.46, 0.6, 0.4, 6.14, 12.12, 0.0, 0.0, 27.52, 30.59, 2.05, 0.02, 374.11, 799.88 
SVC-2145-CS2SVC1-IBM, Tier15_CS2DS8870C_A_TP, 5/2/18 12:29 PM, 900, , , Auto/Inactive, 24.95, 0.02, 24.96, 99.99, 13115.91, 1207.51, 14323.42, 280.39, 41.84, 322.22, 1.331, 0.359, 1.249, 0.204, 0.029, 0.19, 21.891, 35.477, 23.036, 7607.44, 2967.56, 10575.0, 99.85, 99.99, 208.04, 60.85, 268.89, 1.32, 1.22, 1.29, 28.003, 20.997, 26.037, 37.33, 16.67, 47.78, 574228.86, 622228.63, 1196457.49, 85661.49, 124591.72, 210253.21, 543.559, 228.396, 221.659, 193.412, 0.0, 0.02, 0.01, 0.01, 176.35, 176.36, 39.02, 30.02, 0.0, , , , 0.0, 0.14, , 0.01, 176.35, , 0.0, 0.0, , 0.0, 0.0, , 10749.39, 16431.5, 3063.03, 4305.31, 1689.24, 570.22, 3431.02, 3835.39, 112.1, 0.44, 0.42, 0.09, 1.24, 1.44, 1.34, 0.18, 761.94, 1112.15, 0.0, 0.11, 543.72, 1167.45, 9.29, 0.0, 13812.42, 20736.82 
SVC-2145-CS2SVC1-IBM, Tier1_CS2DS8870C_A_TP, 5/2/18 12:29 PM, 900, raid5, , Auto/Inactive, 56.31, 0.05, 56.33, 99.99, 3876.95, 2255.65, 6132.6, 72.43, 63.8, 136.23, 0.62, 0.315, 0.508, 0.032, 0.024, 0.029, 19.13, 28.965, 22.747, 2485.66, 3443.52, 5929.17, 99.94, 99.99, 75.38, 59.47, 134.85, 0.93, 2.27, 1.71, 31.053, 17.684, 23.288, 76.23, 43.96, 86.68, 147995.12, 155169.79, 303164.91, 130468.88, 121774.04, 252242.92, 195.579, 87.019, 12.09, 5.962, 0.0, 0.02, 0.01, 1.16, 65.45, 66.61, 36.55, 14.11, 0.0, , , , 0.0, 0.05, , 1.16, 65.45, , 0.0, 0.0, , 0.0, 0.0, , 2602.91, 6109.07, 4081.97, 6532.0, 1194.16, 727.59, 980.1, 1191.83, 188.23, 1.42, 0.35, 0.05, 0.51, 0.52, 0.47, 0.2, 452.96, 2290.72, 0.0, 0.0, 932.98, 1186.92, 2.07, 0.01, 6684.88, 12641.07 
SVC-2145-CS2SVC1-IBM, Tier15_CS2DS8870E_C_TP, 5/2/18 12:29 PM, 900, , , Auto/Inactive, 83.79, 0.0, 83.79, 99.99, 7576.52, 1798.1, 9374.62, 184.84, 54.07, 238.91, 1.97, 0.313, 1.652, 1.243, 0.029, 1.01, 24.982, 30.792, 26.096, 6422.97, 3208.57, 9631.53, 99.99, 99.99, 769.37, 57.45, 826.82, 3.13, 1.54, 2.6, 122.659, 18.336, 87.906, 84.92, 6.94, 85.97, 378507.2, 1577163.94, 1955671.14, 110717.03, 117646.3, 228363.32, 296.011, 135.912, 5.828, 13.727, 0.0, 0.0, 0.0, 0.05, 0.05, 0.11, 3.8, 9.11, 0.0, , , , 0.0, 0.0, , 0.05, 0.05, , 0.0, 0.0, , 0.0, 0.0, , 6583.18, 30196.86, 3469.8, 4580.93, 1238.72, 583.72, 3351.58, 2260.96, 228.04, 0.65, 0.37, 0.1, 0.55, 0.94, 1.07, 1.3, 643.71, 999.22, 0.07, 0.8, 299.91, 1183.8, 2.34, 0.02, 10052.98, 34777.78 
SVC-2145-CS2SVC1-IBM, Tier15_CS2DS8870E_B_TP, 5/2/18 12:29 PM, 900, , , Auto/Inactive, 33.58, 0.0, 33.58, 100.0, 13355.1, 1860.8, 15215.91, 321.97, 77.7, 399.67, 1.781, 0.36, 1.607, 0.516, 0.025, 0.456, 24.687, 42.757, 26.897, 10852.7, 4872.18, 15724.88, 100.0, 100.0, 218.99, 99.22, 318.21, 1.48, 1.1, 1.36, 20.662, 20.854, 20.722, 54.01, 31.2, 68.36, 659255.42, 447970.6, 1107226.01, 159139.17, 203205.65, 362344.82, 511.115, 56.252, 84.782, 57.07, 0.0, 0.0, 0.0, 0.0, 0.0, 0.0, 85.65, 21.91, 0.0, , , , 0.0, 0.0, , 0.0, 0.0, , 0.0, 0.0, , 0.0, 0.0, , 10842.25, 16889.87, 4884.65, 7324.06, 800.46, 474.02, 6226.04, 4867.7, 1716.26, 0.5, 0.43, 0.16, 0.96, 1.76, 1.08, 0.32, 519.62, 31.06, 0.0, 0.0, 511.96, 1177.07, 1.69, 0.0, 15726.91, 24213.93 
SVC-2145-CS2SVC1-IBM, Tier15_CS2DS8870E_E_TP, 5/2/18 12:29 PM, 900, , , Auto/Inactive, 44.94, 0.03, 44.96, 99.99, 8096.93, 1908.5, 10005.44, 186.81, 88.14, 274.94, 1.766, 0.352, 1.496, 0.394, 0.024, 0.324, 23.625, 47.289, 28.139, 5005.41, 5200.33, 10205.74, 99.92, 99.99, 237.55, 123.7, 361.26, 1.84, 1.08, 1.45, 48.598, 24.358, 36.247, 63.55, 34.23, 76.02, 382573.67, 486420.44, 868994.11, 180500.47, 253272.37, 433772.84, 513.675, 622.772, 57.339, 15.384, 0.0, 0.02, 0.01, 0.42, 180.06, 180.48, 35.71, 28.53, 0.0, , , , 0.0, 0.07, , 0.42, 180.06, , 0.0, 0.0, , 0.0, 0.0, , 5033.41, 12492.89, 5295.84, 7865.15, 1777.63, 522.54, 2077.41, 3109.47, 359.82, 1.93, 0.44, 0.1, 1.68, 1.97, 1.8, 0.28, 852.94, 369.06, 0.0, 0.0, 513.81, 1191.99, 2.78, 0.01, 10329.24, 20358.04 
SVC-2145-CS2SVC1-IBM, Tier15_CS2DS8870E_D_TP, 5/2/18 12:29 PM, 900, , , Auto/Inactive, 30.31, 0.0, 30.32, 100.0, 24831.19, 2138.96, 26970.15, 963.53, 83.95, 1047.48, 1.163, 0.35, 1.098, 0.084, 0.026, 0.08, 39.735, 40.19, 39.771, 8005.99, 3175.35, 11181.33, 100.0, 100.0, 577.51, 50.14, 627.65, 3.43, 2.62, 3.2, 73.866, 16.169, 57.481, 35.77, 7.99, 40.9, 1891775.91, 1183651.12, 3075427.03, 90375.24, 102769.66, 193144.91, 521.652, 72.794, 39.433, 5.966, 0.0, 0.0, 0.0, 0.0, 0.0, 0.0, 85.05, 14.31, 0.0, , , , 0.0, 0.0, , 0.0, 0.0, , 0.0, 0.0, , 0.0, 0.0, , 8078.31, 22562.28, 3290.49, 4302.7, 1137.73, 666.33, 1469.74, 2771.51, 499.86, 2.67, 0.35, 0.11, 4.66, 4.44, 2.72, 0.33, 405.41, 591.35, 0.16, 0.97, 521.86, 882.52, 1.95, 0.01, 11368.8, 26864.98 
SVC-2145-CS2SVC1-IBM, Tier15_CS2DS8870E_A_TP, 5/2/18 12:29 PM, 900, , , Auto/Inactive, 30.45, 0.11, 30.53, 100.0, 1290.31, 1449.01, 2739.32, 28.07, 89.29, 117.36, 1.349, 0.397, 0.845, 0.027, 0.022, 0.024, 22.275, 63.102, 43.871, 586.1, 2783.69, 3369.79, 100.0, 100.0, 28.96, 68.21, 97.17, 1.67, 1.6, 1.62, 50.594, 25.091, 29.526, 82.62, 70.21, 94.82, 57482.67, 59256.15, 116738.82, 182836.43, 139598.07, 322434.5, 509.044, 56.161, 0.886, 6.092, 0.0, 0.0, 0.0, 0.0, 0.0, 0.0, 24.52, 4.06, 0.0, , , , 0.0, 0.0, , 0.0, 0.0, , 0.0, 0.0, , 0.0, 0.0, , 586.97, 1617.28, 3392.83, 7166.01, 1288.05, 497.77, 363.18, 479.4, 59.14, 0.96, 0.46, 0.03, 0.92, 0.94, 1.48, 0.25, 415.57, 975.94, 0.0, 0.01, 899.32, 1171.23, 4.21, 0.01, 3979.8, 8783.29 
SVC-2145-CS2SVC1-IBM, Tier1_CS2DS8870B_A_TP, 5/2/18 12:29 PM, 900, raid5, , Auto/Inactive, 33.47, 0.02, 33.49, 99.99, 28151.35, 2934.24, 31085.6, 557.31, 76.61, 633.92, 1.268, 0.31, 1.177, 0.036, 0.023, 0.034, 20.272, 26.736, 20.882, 18720.48, 5292.58, 24013.06, 99.99, 99.99, 649.26, 90.91, 740.17, 1.08, 1.13, 1.09, 35.514, 17.589, 31.564, 42.3, 12.28, 49.39, 1141351.55, 1330976.41, 2472327.96, 156892.58, 186173.94, 343066.52, 214.379, 55.335, 5.287, 5.064, 0.0, 0.0, 0.0, 1.16, 1.16, 2.31, 36.3, 23.08, 0.0, , , , 0.0, 0.0, , 1.16, 1.16, , 0.0, 0.0, , 0.0, 0.0, , 18933.05, 36859.69, 5431.51, 8392.97, 1795.1, 1014.87, 6614.98, 9168.29, 538.88, 0.8, 0.36, 0.18, 0.96, 1.36, 1.5, 0.2, 460.11, 1422.44, 0.01, 0.26, 1134.11, 1185.18, 2.93, 0.01, 24364.56, 45252.66 
SVC-2145-CS2SVC1-IBM, Tier15_CS2DS8870B_A_TP, 5/2/18 12:29 PM, 900, raid5, , Auto/Inactive, 60.4, 0.01, 60.4, 100.0, 4213.88, 936.89, 5150.77, 94.56, 49.32, 143.88, 2.761, 0.402, 2.332, 1.146, 0.026, 0.943, 22.98, 53.904, 28.605, 3749.78, 2860.93, 6610.71, 99.86, 100.0, 171.16, 58.53, 229.68, 2.34, 1.0, 1.76, 46.74, 20.948, 35.578, 70.39, 25.43, 77.92, 193682.92, 350903.65, 544586.57, 101007.93, 119850.81, 220858.74, 596.856, 34.918, 59.331, 51.179, 0.0, 0.03, 0.01, 0.0, 156.84, 156.84, 9.5, 15.09, 0.0, , , , 0.0, 0.13, , 0.0, 156.84, , 0.0, 0.0, , 0.0, 0.0, , 3799.98, 8640.71, 2904.71, 4000.41, 990.75, 354.23, 1485.07, 867.64, 75.74, 0.45, 0.48, 0.06, 1.07, 3.07, 4.42, 0.41, 1038.74, 584.96, 0.0, 0.01, 597.04, 1161.03, 9.64, 0.01, 6704.68, 12641.12 
SVC-2145-CS2SVC1-IBM, Tier0_CS2DS8870A_A_TP, 5/2/18 12:29 PM, 900, raid5, , Auto/Inactive, 10.28, 0.0, 10.28, 100.0, 4993.83, 40.13, 5033.96, 137.92, 2.69, 140.61, 1.775, 0.454, 1.764, 0.025, 0.027, 0.025, 28.281, 68.616, 28.602, 1846.56, 31.22, 1877.78, 100.0, 100.0, 132.04, 2.71, 134.75, 1.45, 0.86, 1.44, 73.222, 88.928, 73.483, 12.07, 1.99, 13.83, 282796.01, 272121.77, 554917.78, 5506.53, 5552.02, 11058.55, 27.451, 2.37, 0.127, 1.348, 0.0, 0.0, 0.0, 0.0, 0.0, 0.0, 83.64, 0.81, 0.0, , , , 0.0, 0.0, , 0.0, 0.0, , 0.0, 0.0, , 0.0, 0.0, , 1850.09, 5313.41, 31.21, 104.65, 67.48, 101.61, 334.75, 874.05, 142.74, 0.44, 0.5, 0.23, 0.55, 0.51, 0.6, 0.38, 8.09, 0.0, 0.0, 0.0, 30.71, 15.99, 0.0, 0.01, 1881.3, 5418.06 
SVC-2145-CS2SVC1-IBM, Tier15_CS2DS8870C_B_TP, 5/2/18 12:29 PM, 900, , , Auto/Inactive, 83.56, 0.0, 83.56, 99.99, 12567.94, 1703.8, 14271.74, 377.94, 60.98, 438.92, 2.503, 0.349, 2.246, 2.549, 0.037, 2.249, 30.794, 36.648, 31.493, 12127.31, 7015.67, 19142.99, 99.81, 99.99, 1184.29, 68.25, 1252.54, 2.2, 1.32, 1.87, 99.999, 9.961, 67.001, 84.51, 5.44, 85.36, 774027.72, 2426165.29, 3200193.01, 124874.3, 139826.16, 264700.46, 495.097, 52.506, 179.926, 123.758, 0.0, 0.0, 0.0, 0.16, 254.09, 254.25, 12.96, 18.52, 0.0, , , , 0.0, 0.18, , 0.16, 254.09, , 0.0, 0.0, , 0.0, 0.0, , 12152.11, 45456.92, 7285.21, 7673.11, 1458.95, 522.89, 3332.06, 2752.88, 381.33, 0.45, 0.41, 0.16, 1.45, 1.95, 1.31, 0.23, 312.09, 5442.32, 0.0, 0.02, 495.8, 1153.22, 2.59, 0.01, 19437.32, 53130.03 
SVC-2145-CS2SVC1-IBM, Tier15_CS2DS8870C_C_TP, 5/2/18 12:29 PM, 900, , , Auto/Inactive, 34.91, 0.02, 34.93, 99.99, 2311.19, 1211.36, 3522.55, 38.87, 35.68, 74.55, 2.197, 0.339, 1.558, 0.166, 0.023, 0.117, 17.222, 30.161, 21.672, 1338.94, 1882.1, 3221.04, 99.99, 99.99, 35.42, 39.01, 74.43, 2.37, 1.44, 1.82, 27.089, 21.225, 23.662, 67.1, 52.41, 84.34, 79607.44, 72542.25, 152149.69, 73082.08, 79896.29, 152978.37, 238.266, 34.871, 11.662, 5.386, 0.0, 0.0, 0.0, 0.16, 0.07, 0.23, 36.94, 9.85, 0.0, , , , 0.0, 0.0, , 0.16, 0.07, , 0.0, 0.0, , 0.0, 0.0, , 1341.05, 3043.67, 1894.67, 2868.4, 656.69, 445.33, 801.28, 971.32, 132.15, 0.6, 0.38, 0.03, 3.62, 4.16, 7.61, 0.59, 415.76, 85.68, 0.0, 0.0, 964.85, 1059.28, 1.98, 0.01, 3235.72, 5912.08 
SVC-2145-CS2SVC1-IBM, Tier15_CS2DS8870B_B_TP, 5/2/18 12:29 PM, 900, raid5, , Auto/Inactive, 73.5, 0.04, 73.51, 100.0, 1909.53, 1151.1, 3060.63, 94.46, 61.72, 156.18, 1.668, 0.384, 1.185, 0.087, 0.022, 0.062, 50.657, 54.903, 52.254, 987.84, 1724.83, 2712.67, 100.0, 100.0, 97.6, 62.8, 160.4, 1.65, 1.77, 1.73, 101.171, 37.283, 60.548, 83.97, 39.18, 90.25, 193441.19, 199755.52, 393196.71, 126431.53, 128647.33, 255078.86, 189.14, 42.598, 34.769, 4.314, 0.0, 0.0, 0.0, 0.0, 0.0, 0.0, 88.2, 6.56, 0.0, , , , 0.0, 0.0, , 0.0, 0.0, , 0.0, 0.0, , 0.0, 0.0, , 989.08, 4185.7, 1778.39, 3635.29, 620.39, 333.57, 428.29, 433.53, 194.11, 0.51, 0.45, 0.03, 1.2, 1.68, 1.47, 0.53, 478.0, 119.84, 0.0, 0.01, 189.27, 1163.22, 9.51, 0.02, 2767.48, 7820.99 
SVC-2145-CS2SVC1-IBM, Tier0_CS2DS8870B_A_TP, 5/2/18 12:44 PM, 900, raid5, , Auto/Inactive, 16.32, 0.0, 16.32, 100.0, 446.51, 41.41, 487.92, 10.83, 1.69, 12.51, 1.099, 0.411, 1.041, 0.259, 0.028, 0.24, 24.826, 41.696, 26.257, 217.84, 46.09, 263.93, 100.0, 100.0, 12.62, 1.74, 14.35, 1.15, 0.81, 1.09, 59.307, 38.565, 55.685, 27.91, 12.15, 36.67, 22100.15, 25690.16, 47790.31, 3453.07, 3554.88, 7007.94, 13.689, 5.146, 2.659, 2.085, 0.0, 0.0, 0.0, 0.0, 0.0, 0.0, 59.68, 2.71, 0.0, , , , 0.0, 0.0, , 0.0, 0.0, , 0.0, 0.0, , 0.0, 0.0, , 217.63, 502.96, 46.46, 89.28, 12.64, 9.1, 137.9, 306.24, 20.45, 0.41, 0.4, 0.02, 0.89, 1.77, 1.74, 0.49, 6.14, 12.73, 0.0, 0.0, 15.39, 24.1, 3.52, 0.02, 264.09, 592.24 
SVC-2145-CS2SVC1-IBM, Tier15_CS2DS8870C_A_TP, 5/2/18 12:44 PM, 900, , , Auto/Inactive, 24.17, 0.01, 24.19, 100.0, 15371.74, 1324.06, 16695.81, 334.0, 43.42, 377.43, 1.793, 0.356, 1.679, 0.243, 0.029, 0.226, 22.25, 33.581, 23.149, 8617.08, 2844.28, 11461.36, 99.81, 100.0, 251.17, 59.89, 311.06, 1.83, 1.08, 1.64, 29.847, 21.562, 27.791, 35.13, 14.68, 44.66, 684052.41, 711710.82, 1395763.23, 88926.59, 122659.21, 211585.8, 374.035, 67.632, 44.688, 100.478, 0.0, 0.02, 0.01, 0.0, 226.64, 226.64, 45.27, 27.75, 0.0, , , , 0.0, 0.18, , 0.0, 226.64, , 0.0, 0.0, , 0.0, 0.0, , 11784.64, 18691.57, 2982.7, 4160.05, 905.9, 329.71, 3747.24, 4302.95, 261.32, 0.52, 0.43, 0.09, 1.47, 2.04, 2.08, 0.19, 731.57, 1108.68, 0.01, 0.12, 374.99, 992.37, 7.47, 0.0, 14767.34, 22851.62 
SVC-2145-CS2SVC1-IBM, Tier1_CS2DS8870C_A_TP, 5/2/18 12:44 PM, 900, raid5, , Auto/Inactive, 41.39, 0.06, 41.43, 99.99, 4590.26, 2493.05, 7083.32, 87.47, 72.63, 160.11, 0.695, 0.311, 0.56, 0.027, 0.024, 0.026, 19.514, 29.833, 23.146, 2439.19, 3882.76, 6321.95, 99.96, 99.99, 85.97, 78.64, 164.61, 0.95, 2.15, 1.69, 36.093, 20.74, 26.664, 69.92, 47.63, 84.24, 178977.74, 177076.78, 356054.52, 148546.86, 161071.26, 309618.12, 183.977, 35.436, 1.052, 8.818, 0.0, 0.01, 0.0, 0.1, 56.97, 57.07, 29.47, 23.91, 0.0, , , , 0.0, 0.03, , 0.1, 56.97, , 0.0, 0.0, , 0.0, 0.0, , 2583.62, 6459.54, 4607.29, 7534.46, 1403.85, 747.2, 940.6, 1222.3, 199.2, 1.27, 0.38, 0.05, 0.71, 0.69, 0.72, 0.3, 496.53, 2538.08, 0.0, 0.0, 769.1, 1129.16, 2.57, 0.01, 7190.91, 13994.0 
SVC-2145-CS2SVC1-IBM, Tier15_CS2DS8870E_C_TP, 5/2/18 12:44 PM, 900, , , Auto/Inactive, 86.38, 0.0, 86.38, 99.99, 7850.31, 1769.09, 9619.39, 180.98, 52.1, 233.08, 0.938, 0.319, 0.824, 0.096, 0.025, 0.083, 23.607, 30.16, 24.812, 7782.89, 3326.25, 11109.14, 99.99, 99.99, 794.13, 59.63, 853.76, 2.25, 1.68, 2.08, 104.485, 18.357, 78.697, 87.33, 6.98, 88.21, 370647.9, 1628558.0, 1999205.9, 106708.12, 122107.7, 228815.82, 396.513, 177.017, 9.57, 2.849, 0.0, 0.0, 0.0, 0.02, 0.02, 0.05, 4.86, 12.78, 0.0, , , , 0.0, 0.0, , 0.02, 0.02, , 0.0, 0.0, , 0.0, 0.0, , 7985.1, 32188.25, 3577.01, 4667.33, 1013.97, 483.36, 2834.06, 1606.42, 168.67, 0.65, 0.38, 0.11, 0.48, 0.98, 2.0, 1.31, 631.34, 1031.06, 0.09, 1.01, 399.96, 1144.53, 2.36, 0.03, 11562.11, 36855.58 
SVC-2145-CS2SVC1-IBM, Tier15_CS2DS8870E_B_TP, 5/2/18 12:44 PM, 900, , , Auto/Inactive, 46.81, 0.0, 46.82, 100.0, 12458.11, 1935.74, 14393.84, 323.74, 66.98, 390.72, 1.456, 0.337, 1.306, 0.278, 0.022, 0.244, 26.61, 35.431, 27.796, 11243.89, 5710.97, 16954.86, 100.0, 100.0, 225.6, 80.2, 305.8, 1.31, 0.89, 1.17, 20.545, 14.381, 18.469, 60.57, 26.21, 70.91, 663123.86, 462312.37, 1125436.23, 137155.98, 164234.55, 301390.54, 276.373, 55.152, 11.665, 36.013, 0.0, 0.0, 0.0, 0.0, 0.0, 0.0, 85.15, 17.59, 0.0, , , , 0.0, 0.0, , 0.0, 0.0, , 0.0, 0.0, , 0.0, 0.0, , 11248.83, 17193.7, 5716.99, 7507.31, 1763.78, 512.16, 2244.75, 2965.86, 602.8, 0.47, 0.43, 0.17, 1.89, 3.19, 3.06, 0.45, 470.87, 19.0, 0.0, 0.0, 275.62, 994.29, 1.98, 0.01, 16965.81, 24701.01 
SVC-2145-CS2SVC1-IBM, Tier15_CS2DS8870E_E_TP, 5/2/18 12:44 PM, 900, , , Auto/Inactive, 43.71, 0.02, 43.73, 99.99, 4906.66, 1568.76, 6475.43, 94.04, 74.03, 168.07, 1.709, 0.356, 1.381, 0.843, 0.024, 0.645, 19.626, 48.323, 26.578, 3455.14, 4009.14, 7464.28, 99.92, 99.99, 92.17, 84.64, 176.81, 2.06, 1.15, 1.57, 27.315, 21.619, 24.256, 70.3, 47.82, 84.5, 192608.29, 188861.46, 381469.75, 151602.96, 173348.61, 324951.57, 600.568, 36.619, 63.98, 172.492, 0.0, 0.03, 0.01, 6.55, 135.83, 142.38, 68.13, 10.94, 0.0, , , , 0.0, 0.07, , 6.55, 135.83, , 0.0, 0.0, , 0.0, 0.0, , 3475.15, 6726.53, 4480.33, 5786.7, 1607.99, 586.37, 1511.55, 1788.97, 142.47, 0.62, 0.39, 0.07, 1.78, 2.26, 1.98, 0.26, 824.34, 732.69, 0.0, 0.0, 600.78, 1112.66, 2.73, 0.01, 7955.48, 12513.23 
SVC-2145-CS2SVC1-IBM, Tier15_CS2DS8870E_D_TP, 5/2/18 12:44 PM, 900, , , Auto/Inactive, 32.04, 0.0, 32.05, 99.99, 12921.2, 2395.58, 15316.78, 482.92, 100.42, 583.34, 1.157, 0.335, 1.029, 0.08, 0.022, 0.071, 38.271, 42.925, 38.999, 6161.66, 3218.05, 9379.72, 99.99, 99.99, 301.97, 64.86, 366.83, 2.42, 2.71, 2.52, 50.184, 20.639, 40.047, 43.76, 17.68, 53.71, 909773.11, 618377.78, 1528150.89, 126426.93, 132763.57, 259190.5, 665.136, 132.91, 7.074, 95.954, 0.0, 0.0, 0.0, 0.04, 0.04, 0.09, 76.22, 8.76, 0.0, , , , 0.0, 0.0, , 0.04, 0.04, , 0.0, 0.0, , 0.0, 0.0, , 6254.12, 14610.53, 3618.46, 4809.37, 1160.43, 636.31, 2958.25, 5297.2, 2872.16, 2.34, 0.38, 0.09, 1.4, 1.05, 0.61, 1.14, 424.13, 941.66, 0.12, 1.17, 665.46, 952.95, 2.09, 0.01, 9872.59, 19419.9 
SVC-2145-CS2SVC1-IBM, Tier15_CS2DS8870E_A_TP, 5/2/18 12:44 PM, 900, , , Auto/Inactive, 57.55, 0.09, 57.59, 99.99, 1260.78, 1027.84, 2288.62, 38.23, 54.71, 92.94, 1.1, 0.37, 0.772, 0.045, 0.022, 0.035, 31.054, 54.505, 41.586, 607.34, 6566.83, 7174.17, 99.99, 99.99, 34.11, 56.99, 91.1, 1.46, 1.84, 1.8, 57.516, 8.887, 13.003, 83.67, 62.59, 93.89, 78303.12, 69821.69, 148124.81, 112097.8, 116765.2, 228863.0, 518.462, 47.953, 0.937, 4.931, 0.0, 0.0, 0.0, 0.03, 0.03, 0.05, 93.52, 3.57, 0.0, , , , 0.0, 0.0, , 0.03, 0.03, , 0.0, 0.0, , 0.0, 0.0, , 608.44, 1814.46, 6623.24, 3468.7, 652.37, 354.23, 153.35, 297.05, 32.06, 0.44, 0.38, 0.07, 1.45, 1.22, 1.51, 0.13, 384.26, 214.5, 0.0, 0.0, 726.3, 1159.87, 5.0, 0.0, 7231.68, 5283.16 
SVC-2145-CS2SVC1-IBM, Tier1_CS2DS8870B_A_TP, 5/2/18 12:44 PM, 900, raid5, , Auto/Inactive, 41.18, 0.02, 41.2, 99.99, 22529.1, 3168.62, 25697.72, 394.99, 83.47, 478.47, 0.947, 0.312, 0.868, 0.024, 0.023, 0.024, 17.953, 26.976, 19.066, 17429.84, 5582.44, 23012.28, 99.99, 99.99, 472.91, 98.41, 571.32, 0.9, 1.05, 0.94, 27.783, 18.051, 25.422, 52.06, 17.2, 60.31, 808986.99, 970795.57, 1779782.55, 170956.26, 201459.67, 372415.93, 279.443, 49.036, 0.839, 5.831, 0.0, 0.0, 0.0, 0.45, 0.45, 0.9, 44.34, 21.54, 0.0, , , , 0.0, 0.0, , 0.45, 0.45, , 0.0, 0.0, , 0.0, 0.0, , 17684.85, 30914.89, 5728.27, 8925.66, 1780.38, 1025.55, 5559.75, 7035.86, 311.46, 0.85, 0.35, 0.18, 0.93, 1.35, 1.54, 0.2, 513.29, 1494.01, 0.02, 0.42, 1055.99, 1552.73, 3.34, 0.01, 23413.12, 39840.55 
SVC-2145-CS2SVC1-IBM, Tier15_CS2DS8870B_A_TP, 5/2/18 12:44 PM, 900, raid5, , Auto/Inactive, 44.67, 0.01, 44.68, 100.0, 7301.89, 1120.6, 8422.49, 175.82, 73.98, 249.8, 2.571, 0.458, 2.29, 0.542, 0.03, 0.474, 24.656, 67.606, 30.371, 4445.22, 2830.48, 7275.7, 99.95, 100.0, 235.36, 83.36, 318.72, 2.83, 1.05, 2.14, 54.217, 30.157, 44.857, 59.03, 26.13, 69.74, 360054.65, 482267.17, 842321.82, 151512.84, 170722.93, 322235.77, 353.367, 65.547, 35.519, 21.11, 0.0, 0.01, 0.0, 0.0, 81.37, 81.37, 14.54, 12.46, 0.0, , , , 0.0, 0.04, , 0.0, 81.37, , 0.0, 0.0, , 0.0, 0.0, , 4482.24, 10801.79, 3749.19, 4735.76, 825.24, 263.13, 1206.67, 1262.69, 91.68, 0.45, 0.43, 0.07, 2.78, 3.98, 5.26, 0.53, 1183.34, 1474.08, 0.0, 0.01, 353.5, 1030.31, 14.47, 0.01, 8231.43, 15537.55 
SVC-2145-CS2SVC1-IBM, Tier0_CS2DS8870A_A_TP, 5/2/18 12:44 PM, 900, raid5, , Auto/Inactive, 7.68, 0.0, 7.68, 100.0, 3467.28, 119.34, 3586.62, 89.44, 13.1, 102.54, 2.036, 0.534, 1.986, 0.032, 0.021, 0.032, 26.414, 112.392, 29.275, 1393.79, 84.62, 1478.4, 100.0, 100.0, 86.34, 13.35, 99.7, 1.59, 1.16, 1.57, 63.436, 161.584, 69.053, 20.11, 13.53, 30.92, 182775.46, 174756.51, 357531.96, 26828.42, 27345.03, 54173.45, 13.922, 12.295, 36.859, 1.161, 0.0, 0.0, 0.0, 0.0, 0.0, 0.0, 85.5, 0.27, 0.0, , , , 0.0, 0.0, , 0.0, 0.0, , 0.0, 0.0, , 0.0, 0.0, , 1389.48, 3598.66, 84.61, 462.23, 5.2, 2.39, 815.04, 2749.99, 103.26, 0.37, 0.58, 0.18, 1.74, 2.46, 2.0, 0.52, 9.11, 0.0, 0.0, 0.0, 49.91, 37.38, 0.0, 0.02, 1474.1, 4060.89 
SVC-2145-CS2SVC1-IBM, Tier15_CS2DS8870C_B_TP, 5/2/18 12:44 PM, 900, , , Auto/Inactive, 81.54, 0.0, 81.54, 99.99, 15473.09, 1153.13, 16626.22, 444.3, 43.46, 487.75, 2.008, 0.36, 1.893, 0.916, 0.028, 0.854, 29.403, 38.589, 30.04, 12157.93, 2476.31, 14634.25, 99.76, 99.99, 1293.86, 47.79, 1341.65, 2.12, 1.28, 1.98, 108.975, 19.761, 93.879, 82.47, 3.55, 83.09, 910180.02, 2649537.1, 3559717.12, 88988.07, 97802.76, 186790.82, 374.055, 115.18, 14.496, 11.388, 0.0, 0.0, 0.0, 0.01, 233.26, 233.27, 13.18, 35.46, 0.0, , , , 0.0, 0.23, , 0.01, 233.26, , 0.0, 0.0, , 0.0, 0.0, , 12174.47, 49203.29, 2584.73, 4905.07, 1149.48, 458.14, 4650.55, 3186.43, 321.96, 0.52, 0.43, 0.12, 2.11, 7.49, 13.47, 0.38, 327.74, 604.96, 0.0, 0.01, 375.46, 1089.93, 9.37, 0.01, 14759.2, 54108.36 
SVC-2145-CS2SVC1-IBM, Tier15_CS2DS8870C_C_TP, 5/2/18 12:44 PM, 900, , , Auto/Inactive, 39.7, 0.02, 39.71, 100.0, 2304.12, 1206.15, 3510.27, 37.0, 33.91, 70.91, 2.404, 0.33, 1.692, 0.282, 0.022, 0.193, 16.442, 28.793, 20.686, 1297.75, 1987.95, 3285.7, 100.0, 100.0, 36.46, 40.53, 76.99, 2.64, 1.17, 1.75, 28.772, 20.877, 23.995, 69.7, 52.64, 85.65, 75767.25, 74669.63, 150436.88, 69446.38, 83005.32, 152451.7, 223.723, 22.833, 4.51, 6.605, 0.0, 0.0, 0.0, 0.0, 0.0, 0.0, 29.14, 15.82, 0.0, , , , 0.0, 0.0, , 0.0, 0.0, , 0.0, 0.0, , 0.0, 0.0, , 1299.18, 3017.72, 1994.16, 2939.36, 629.58, 364.34, 453.79, 706.92, 81.61, 0.68, 0.39, 0.03, 2.12, 2.16, 2.81, 0.56, 401.38, 76.89, 0.0, 0.0, 957.2, 989.95, 1.94, 0.01, 3293.34, 5957.09 
SVC-2145-CS2SVC1-IBM, Tier15_CS2DS8870B_B_TP, 5/2/18 12:44 PM, 900, raid5, , Auto/Inactive, 71.47, 0.03, 71.48, 100.0, 1925.61, 1031.95, 2957.56, 101.66, 53.44, 155.1, 1.804, 0.372, 1.304, 0.165, 0.023, 0.115, 54.061, 53.028, 53.701, 847.54, 1424.83, 2272.38, 100.0, 100.0, 100.84, 52.41, 153.25, 1.73, 1.51, 1.59, 121.839, 37.664, 69.059, 81.24, 34.2, 87.66, 208198.84, 206481.38, 414680.22, 109408.02, 107273.61, 216681.63, 356.763, 26.817, 14.228, 2.924, 0.0, 0.0, 0.0, 0.0, 0.0, 0.0, 93.1, 3.79, 0.0, , , , 0.0, 0.0, , 0.0, 0.0, , 0.0, 0.0, , 0.0, 0.0, , 849.33, 3984.6, 1481.53, 3014.68, 576.46, 360.58, 421.47, 431.0, 180.77, 0.54, 0.44, 0.03, 1.19, 1.84, 1.67, 0.53, 470.48, 125.02, 0.0, 0.0, 357.09, 992.03, 7.72, 0.02, 2330.86, 6999.28 
SVC-2145-CS2SVC1-IBM, Tier0_CS2DS8870B_A_TP, 5/2/18 12:59 PM, 900, raid5, , Auto/Inactive, 18.83, 0.0, 18.84, 100.0, 1561.96, 63.43, 1625.39, 37.85, 3.2, 41.05, 0.558, 0.457, 0.554, 0.026, 0.031, 0.026, 24.813, 51.709, 25.863, 870.87, 72.37, 943.25, 100.0, 100.0, 36.03, 3.34, 39.36, 0.69, 0.99, 0.72, 42.361, 47.204, 42.732, 25.94, 8.47, 32.21, 77516.45, 73785.27, 151301.72, 6559.97, 6832.78, 13392.75, 15.813, 2.406, 0.526, 1.229, 0.0, 0.0, 0.0, 0.0, 0.0, 0.0, 46.26, 3.78, 0.0, , , , 0.0, 0.0, , 0.0, 0.0, , 0.0, 0.0, , 0.0, 0.0, , 871.12, 1755.12, 72.77, 158.34, 16.72, 14.35, 66.91, 70.82, 2.74, 0.45, 0.5, 0.08, 0.34, 0.31, 0.57, 0.16, 18.07, 12.32, 0.0, 0.0, 145.71, 229.22, 2.97, 0.02, 943.89, 1913.45 
SVC-2145-CS2SVC1-IBM, Tier15_CS2DS8870C_A_TP, 5/2/18 12:59 PM, 900, , , Auto/Inactive, 21.77, 0.01, 21.78, 99.99, 22689.38, 1530.46, 24219.84, 469.39, 56.22, 525.6, 1.914, 0.374, 1.817, 0.08, 0.029, 0.077, 21.184, 37.613, 22.222, 14040.36, 2892.07, 16932.42, 99.91, 99.99, 387.34, 69.28, 456.61, 1.59, 1.44, 1.56, 28.25, 24.529, 27.614, 31.4, 12.58, 40.03, 961297.07, 986760.61, 1948057.68, 115130.55, 141995.1, 257125.66, 524.68, 50.488, 42.839, 11.317, 0.0, 0.01, 0.0, 1.14, 120.5, 121.63, 46.94, 18.43, 0.0, , , , 0.0, 0.08, , 1.14, 120.5, , 0.0, 0.0, , 0.0, 0.0, , 17130.99, 27305.29, 3439.61, 4448.07, 1200.23, 466.12, 4901.31, 5458.8, 167.45, 0.47, 0.43, 0.14, 1.83, 2.46, 4.07, 0.17, 602.65, 1651.68, 0.0, 0.16, 375.94, 1160.68, 6.46, 0.0, 20570.6, 31753.36 
SVC-2145-CS2SVC1-IBM, Tier1_CS2DS8870C_A_TP, 5/2/18 12:59 PM, 900, raid5, , Auto/Inactive, 51.77, 0.06, 51.8, 100.0, 4735.25, 2829.62, 7564.87, 86.99, 87.76, 174.76, 0.604, 0.331, 0.502, 0.041, 0.024, 0.035, 18.813, 31.759, 23.655, 3145.48, 4089.48, 7234.96, 99.95, 100.0, 96.54, 83.07, 179.62, 0.83, 2.38, 1.7, 31.429, 20.802, 25.422, 74.44, 46.11, 86.22, 177868.78, 198831.17, 376699.96, 179546.82, 170125.26, 349672.08, 192.688, 27.486, 0.147, 2.401, 0.0, 0.01, 0.0, 0.0, 69.6, 69.6, 24.2, 12.11, 0.0, , , , 0.0, 0.04, , 0.0, 69.6, , 0.0, 0.0, , 0.0, 0.0, , 3298.84, 7467.1, 4977.05, 7796.39, 1600.66, 830.38, 1089.39, 1689.72, 165.71, 1.15, 0.36, 0.06, 0.7, 0.73, 0.66, 0.25, 501.8, 2706.91, 0.0, 0.03, 831.18, 1173.18, 2.63, 0.01, 8275.9, 15263.49 
SVC-2145-CS2SVC1-IBM, Tier15_CS2DS8870E_C_TP, 5/2/18 12:59 PM, 900, , , Auto/Inactive, 80.21, 0.01, 80.21, 99.99, 8644.64, 2029.91, 10674.55, 216.02, 84.13, 300.15, 1.639, 0.366, 1.397, 2.297, 0.036, 1.867, 25.589, 42.439, 28.793, 8233.92, 3427.24, 11661.16, 99.99, 99.99, 703.29, 91.03, 794.32, 2.45, 2.08, 2.34, 87.463, 27.199, 69.751, 82.47, 11.46, 84.48, 442408.0, 1441892.52, 1884300.52, 172304.59, 186573.15, 358877.74, 553.285, 189.985, 2.444, 2.661, 0.0, 0.0, 0.0, 0.08, 0.08, 0.16, 5.62, 7.93, 0.0, , , , 0.0, 0.0, , 0.08, 0.08, , 0.0, 0.0, , 0.0, 0.0, , 8391.54, 29709.3, 4620.39, 5675.42, 1117.13, 548.86, 4303.47, 2906.56, 401.05, 0.71, 0.37, 0.12, 0.44, 0.82, 0.68, 1.38, 611.57, 2110.59, 0.04, 0.89, 553.66, 1189.68, 2.25, 0.02, 13011.93, 35384.72 
SVC-2145-CS2SVC1-IBM, Tier15_CS2DS8870E_B_TP, 5/2/18 12:59 PM, 900, , , Auto/Inactive, 57.34, 0.0, 57.34, 99.99, 20136.46, 1626.84, 21763.3, 692.09, 54.87, 746.96, 0.667, 0.365, 0.644, 0.097, 0.025, 0.091, 35.195, 34.537, 35.146, 17877.0, 2842.02, 20719.03, 99.99, 99.99, 574.82, 61.25, 636.06, 0.63, 1.32, 0.72, 32.926, 22.068, 31.436, 61.42, 9.62, 65.14, 1417356.39, 1177177.99, 2594534.39, 112373.0, 125428.69, 237801.69, 160.512, 48.387, 125.663, 6.242, 0.0, 0.0, 0.0, 0.04, 0.04, 0.09, 76.64, 13.44, 0.0, , , , 0.0, 0.0, , 0.04, 0.04, , 0.0, 0.0, , 0.0, 0.0, , 17878.18, 32122.48, 2848.64, 4458.0, 1825.48, 674.78, 3154.78, 2989.71, 1089.94, 0.46, 0.4, 0.2, 0.85, 1.57, 1.17, 0.33, 533.79, 22.59, 0.0, 0.0, 159.63, 1151.88, 2.38, 0.01, 20726.82, 36580.48 
SVC-2145-CS2SVC1-IBM, Tier15_CS2DS8870E_E_TP, 5/2/18 12:59 PM, 900, , , Auto/Inactive, 55.71, 0.01, 55.72, 100.0, 7571.9, 1652.03, 9223.93, 231.09, 62.63, 293.72, 2.223, 0.356, 1.889, 3.701, 0.027, 3.043, 31.251, 38.824, 32.608, 4086.28, 4167.68, 8253.96, 99.87, 100.0, 264.31, 72.38, 336.68, 4.52, 1.24, 2.86, 66.233, 17.784, 41.77, 65.09, 21.46, 72.58, 473274.62, 541804.25, 1015078.88, 128299.18, 148245.57, 276544.75, 519.541, 184.228, 38.433, 14.206, 0.0, 0.02, 0.01, 0.0, 182.25, 182.25, 60.53, 12.38, 0.0, , , , 0.0, 0.12, , 0.0, 182.25, , 0.0, 0.0, , 0.0, 0.0, , 4107.54, 12358.81, 4242.71, 5543.6, 1494.84, 497.95, 1481.0, 1803.67, 163.0, 0.85, 0.43, 0.08, 2.29, 3.25, 1.98, 0.29, 890.82, 273.41, 0.0, 0.0, 519.81, 1168.88, 3.31, 0.0, 8350.24, 17902.41 
SVC-2145-CS2SVC1-IBM, Tier15_CS2DS8870E_D_TP, 5/2/18 12:59 PM, 900, , , Auto/Inactive, 33.25, 0.03, 33.27, 100.0, 5049.28, 2658.95, 7708.23, 142.66, 153.83, 296.49, 2.594, 0.371, 1.827, 0.459, 0.026, 0.309, 28.932, 59.24, 39.387, 3335.2, 3540.19, 6875.39, 100.0, 100.0, 101.42, 118.61, 220.03, 2.69, 2.68, 2.68, 31.137, 34.309, 32.771, 68.32, 53.83, 85.37, 210619.17, 208358.24, 418977.41, 233490.52, 242913.02, 476403.54, 569.693, 93.209, 154.877, 260.8, 0.0, 0.0, 0.0, 0.0, 0.0, 0.0, 64.76, 4.01, 0.0, , , , 0.0, 0.0, , 0.0, 0.0, , 0.0, 0.0, , 0.0, 0.0, , 3427.91, 7639.77, 3619.85, 6792.46, 1132.18, 761.4, 2883.9, 2897.51, 1258.68, 3.86, 0.35, 0.07, 1.38, 1.78, 0.77, 0.18, 418.05, 523.4, 0.27, 1.44, 704.9, 1038.71, 1.7, 0.0, 7047.76, 14432.23 
SVC-2145-CS2SVC1-IBM, Tier15_CS2DS8870E_A_TP, 5/2/18 12:59 PM, 900, , , Auto/Inactive, 31.83, 0.12, 31.92, 100.0, 1261.87, 1152.55, 2414.42, 25.0, 47.97, 72.96, 1.18, 0.35, 0.784, 0.104, 0.022, 0.065, 20.283, 42.615, 30.944, 664.48, 2737.1, 3401.58, 100.0, 100.0, 26.67, 51.4, 78.07, 1.48, 1.68, 1.64, 41.107, 19.228, 23.502, 75.47, 65.86, 91.62, 51190.57, 54586.88, 105777.45, 98196.92, 105251.02, 203447.93, 513.42, 351.851, 35.07, 0.724, 0.0, 0.0, 0.0, 0.0, 0.0, 0.0, 25.94, 6.37, 0.0, , , , 0.0, 0.0, , 0.0, 0.0, , 0.0, 0.0, , 0.0, 0.0, , 665.38, 1637.61, 2769.37, 3013.9, 957.12, 335.08, 259.46, 442.28, 77.36, 0.46, 0.43, 0.03, 1.3, 1.18, 1.28, 0.27, 365.71, 148.67, 0.0, 0.0, 931.92, 1177.22, 3.07, 0.0, 3434.75, 4651.51 
SVC-2145-CS2SVC1-IBM, Tier1_CS2DS8870B_A_TP, 5/2/18 12:59 PM, 900, raid5, , Auto/Inactive, 37.43, 0.03, 37.45, 99.99, 24646.78, 3290.56, 27937.34, 435.75, 85.67, 521.43, 1.01, 0.335, 0.931, 0.027, 0.025, 0.027, 18.104, 26.661, 19.112, 18157.17, 6127.9, 24285.07, 99.99, 99.99, 516.79, 99.96, 616.75, 1.02, 1.14, 1.05, 29.145, 16.704, 26.006, 48.24, 16.21, 56.63, 892403.83, 1059845.34, 1952249.17, 175464.12, 204698.12, 380162.24, 492.346, 54.266, 80.209, 3.868, 0.0, 0.0, 0.0, 0.15, 0.15, 0.3, 39.93, 21.78, 0.0, , , , 0.0, 0.0, , 0.15, 0.15, , 0.0, 0.0, , 0.0, 0.0, , 18402.49, 33037.46, 6276.68, 9342.43, 2012.09, 1085.9, 6521.1, 7097.13, 423.66, 0.64, 0.36, 0.19, 0.73, 0.93, 1.37, 0.2, 561.97, 1449.61, 0.04, 0.61, 1064.93, 1191.53, 3.23, 0.01, 24679.17, 42379.9 
SVC-2145-CS2SVC1-IBM, Tier15_CS2DS8870B_A_TP, 5/2/18 12:59 PM, 900, raid5, , Auto/Inactive, 52.24, 0.02, 52.25, 100.0, 7516.95, 1493.95, 9010.9, 223.06, 118.61, 341.67, 2.301, 0.498, 2.002, 0.504, 0.033, 0.426, 30.386, 81.297, 38.827, 5198.37, 3312.54, 8510.91, 99.95, 100.0, 317.95, 124.97, 442.92, 2.34, 1.41, 1.98, 62.631, 38.632, 53.291, 65.59, 28.19, 75.29, 456825.51, 651899.39, 1108724.9, 242904.86, 255951.5, 498856.36, 330.353, 239.778, 14.76, 19.57, 0.0, 0.01, 0.0, 0.0, 104.52, 104.52, 16.15, 4.52, 0.0, , , , 0.0, 0.04, , 0.0, 104.52, , 0.0, 0.0, , 0.0, 0.0, , 5299.71, 13896.07, 5611.08, 6364.0, 962.63, 306.84, 2663.73, 3743.62, 377.99, 0.46, 0.47, 0.08, 2.46, 2.94, 3.93, 0.82, 1060.02, 3400.26, 0.0, 0.13, 330.81, 1190.49, 5.04, 0.02, 10910.79, 20260.07 
SVC-2145-CS2SVC1-IBM, Tier0_CS2DS8870A_A_TP, 5/2/18 12:59 PM, 900, raid5, , Auto/Inactive, 25.38, 0.0, 25.38, 100.0, 2374.98, 173.32, 2548.3, 74.36, 19.08, 93.45, 0.373, 0.565, 0.386, 0.022, 0.021, 0.022, 32.063, 112.745, 37.55, 732.67, 121.52, 854.2, 100.0, 100.0, 67.82, 20.43, 88.25, 0.82, 1.42, 0.91, 94.792, 172.131, 105.794, 42.47, 23.14, 55.78, 152303.74, 138950.0, 291253.74, 39078.73, 41835.56, 80914.28, 15.015, 3.956, 129.796, 2.926, 0.0, 0.0, 0.0, 0.0, 0.0, 0.0, 44.03, 2.42, 0.0, , , , 0.0, 0.0, , 0.0, 0.0, , 0.0, 0.0, , 0.0, 0.0, , 732.46, 2763.07, 121.52, 696.42, 45.98, 44.44, 415.45, 437.47, 13.61, 0.46, 0.62, 0.1, 0.32, 0.28, 0.55, 0.25, 7.37, 0.0, 0.0, 0.0, 145.96, 41.81, 0.0, 0.04, 853.98, 3459.49 
SVC-2145-CS2SVC1-IBM, Tier15_CS2DS8870C_B_TP, 5/2/18 12:59 PM, 900, , , Auto/Inactive, 72.13, 0.0, 72.14, 99.99, 20080.9, 1299.8, 21380.7, 604.87, 29.73, 634.6, 1.928, 0.342, 1.832, 1.453, 0.035, 1.366, 30.845, 23.421, 30.393, 16737.33, 2037.21, 18774.54, 99.56, 99.99, 1257.09, 26.3, 1283.39, 1.91, 1.49, 1.86, 76.91, 13.218, 69.998, 72.82, 2.04, 73.37, 1238524.02, 2575002.53, 3813526.56, 60888.19, 53864.97, 114753.15, 261.748, 276.217, 131.756, 106.699, 0.0, 0.0, 0.0, 0.01, 234.97, 234.97, 20.7, 11.08, 0.0, , , , 0.0, 0.43, , 0.01, 234.97, , 0.0, 0.0, , 0.0, 0.0, , 16764.37, 49968.54, 2168.2, 3121.13, 650.1, 374.15, 4911.34, 4950.2, 702.0, 0.6, 0.42, 0.15, 1.05, 1.42, 1.27, 0.7, 345.08, 707.36, 0.0, 0.01, 373.45, 1173.79, 9.14, 0.01, 18932.57, 53089.66 
SVC-2145-CS2SVC1-IBM, Tier15_CS2DS8870C_C_TP, 5/2/18 12:59 PM, 900, , , Auto/Inactive, 42.38, 0.02, 42.4, 99.99, 2705.15, 1355.09, 4060.24, 44.26, 45.94, 90.2, 1.954, 0.355, 1.42, 0.121, 0.023, 0.088, 16.755, 34.712, 22.748, 1924.8, 2341.41, 4266.21, 99.99, 99.99, 48.61, 54.8, 103.41, 1.84, 1.32, 1.56, 25.859, 23.967, 24.82, 71.55, 52.99, 86.62, 90662.26, 99561.71, 190223.97, 94075.07, 112222.38, 206297.45, 385.036, 131.515, 0.549, 2.561, 0.0, 0.0, 0.0, 0.02, 0.02, 0.04, 30.65, 16.88, 0.0, , , , 0.0, 0.0, , 0.02, 0.02, , 0.0, 0.0, , 0.0, 0.0, , 1926.98, 4007.16, 2352.16, 3609.46, 726.67, 409.7, 395.87, 633.06, 59.25, 0.6, 0.39, 0.03, 2.89, 3.17, 3.36, 0.45, 451.95, 86.71, 0.0, 0.0, 1036.6, 1135.17, 2.18, 0.01, 4279.14, 7616.62 
SVC-2145-CS2SVC1-IBM, Tier15_CS2DS8870B_B_TP, 5/2/18 12:59 PM, 900, raid5, , Auto/Inactive, 68.04, 0.03, 68.06, 99.99, 2383.17, 1365.56, 3748.73, 106.08, 62.18, 168.26, 2.306, 0.357, 1.596, 0.175, 0.022, 0.119, 45.581, 46.629, 45.963, 1218.93, 2012.86, 3231.79, 99.99, 99.99, 109.25, 62.99, 172.24, 2.47, 1.63, 1.95, 91.777, 32.046, 54.575, 79.8, 36.58, 87.19, 217265.91, 223686.07, 440951.98, 127356.22, 128984.78, 256341.0, 513.976, 123.606, 0.104, 1.917, 0.0, 0.0, 0.0, 0.21, 0.07, 0.28, 85.95, 5.19, 0.0, , , , 0.0, 0.0, , 0.21, 0.07, , 0.0, 0.0, , 0.0, 0.0, , 1221.22, 4710.61, 2093.34, 3811.98, 562.9, 379.01, 409.08, 475.62, 193.32, 0.57, 0.42, 0.04, 1.35, 1.85, 1.75, 0.52, 533.59, 174.64, 0.0, 0.02, 515.52, 1138.05, 8.21, 0.01, 3314.56, 8522.59 
